fawn;0
foul;-1
mirage;-2
aggression;-2
eligible;-1
chatter;-2
scold;-2
originality;-1
superficially;-2
outwit;-2
lorn;-2
sputter;-2
immature;-1
sinking;-1
slothful;-2
co-operation;-1
befoul;-2
tantalizing;-2
needfully;0
screaming;0
disturb;-2
prize;-2
brutish;-2
stereotypical;-2
steadfastness;-2
straight;-1
non-violent;-1
inevitably;-2
elegant;-2
rusty;-2
valiant;-2
loathing;-2
haughtily;-2
hilariously;-2
ruthless;-2
decry;-2
resilient;-1
increasing;0
succumb;-2
insinuation;-2
hero;-2
jubilantly;-2
unseemly;-2
fissures;-1
shriek;-2
bullyingly;-2
doldrums;-2
revengefully;-2
uplifting;-2
unwillingness;-2
elaborate;0
unfriendly;-2
controversy;-1
unwanted;-2
spotty;-1
criticism;-2
golden;-1
divide;-1
mawkishness;-2
stern;-2
scarier;-2
catchy;-2
best-selling;-1
impartiality;-1
exhort;-2
glimmering;-2
cannibal;-2
therefore;0
strike;-1
imperialist;-2
holy;-1
relax;-1
successful;-1
mesmerize;-2
hurt;-1
exuberantly;-2
hole;-1
irksome;-2
famed;-2
accomplishment;-1
wane;-1
unjust;-2
dragons;-2
malign;-2
dishearteningly;-2
want;-2
reprove;-2
absolute;0
preferably;-2
complaining;-2
damage;-1
hot;-1
significance;-1
preferable;-2
shirker;-2
dignified;-2
fanaticism;-2
beauty;-2
swing;0
despondent;-2
modest;-1
destined;-1
unselfish;-2
extortion;-2
rejoicingly;-2
effective;-1
scourge;-2
revolt;-1
fictional;-1
sickening;-2
wink;-2
unlawfully;-1
democratic;-1
restriction;-1
understatedly;-2
soothingly;-2
fidelity;-2
TRUE;-2
wrought;-1
admirably;-2
wickedly;-2
fit;-2
unforeseen;-1
fib;-2
insubstantial;-2
admirable;-2
easier;-1
glorify;-2
grievous;-2
enrich;-1
renunciation;-2
aspersions;-2
confute;-2
interrupt;-1
competitiveness;-1
merrily;-2
spotless;-2
averse;-2
impossible;-1
substantially;-1
ameliorate;-2
allay;-2
coupists;-2
toleration;-1
misfortune;-2
indiscretion;-2
encourage;-1
heavy-duty;0
outburst;-2
fugitive;-1
cornerstone;-2
enormous;-2
undisputably;-2
sickeningly;-2
rumple;-2
disturbed;-2
speedy;-1
tempting;-2
ineffectively;-1
mendacity;-2
undisputable;-2
relentlessness;-2
downheartedly;-2
angelic;-2
playfully;-2
clamorous;-1
clarity;-1
declaim;-2
traumatize;-2
tired;-2
outstandingly;-2
master;-2
incognizant;-2
bitter;-2
terrifying;-2
collapse;-1
enthrall;-2
stake;-1
wisdom;-2
predictable;0
positively;-2
peril;-2
rewardingly;-2
coward;-2
likely;0
idle;-1
endure;-2
feeling;0
acclaim;-2
willingness;-2
shyly;-2
meddlesome;-2
antagonistic;-2
arousal;-2
wholesome;-2
responsible;-1
gripe;-2
eagerly;-2
recommended;-2
absorbed;0
amusing;-2
responsibly;-1
worthlessness;-2
imprudent;-2
disdainfully;-2
limitless;0
diminishing;-1
vexing;-2
simplify;-1
affirmation;-2
addict;-1
reverence;-2
fluster;-1
drought;-1
preferences;-2
expound;0
dummy;-2
wreck;-1
nettle;-1
disaffect;-2
consummate;-2
detriment;-2
scream;-2
incomplete;-1
marvel;-2
bomb;-1
undue;-2
lethal;-1
touches;0
busy;-1
quaint;-2
bliss;-2
rich;-1
mend;-1
emphatically;-2
irritably;-2
wide;-1
denounce;-2
foremost;-2
altogether;0
relish;-2
unfortunately;-2
spilling;-2
nicely;-2
altruistically;-2
unrelentingly;-2
stunningly;-2
adherence;-1
dismissively;-2
disaster;-2
fair;-1
gallingly;-2
peripheral;-1
over-valuation;-1
unexpectedly;-2
fail;-1
resigned;-1
best;-2
solace;-2
pressures;0
irk;-2
humankind;-2
scorn;-2
ire;-2
skimpy;-1
indecisive;-2
nature;0
inextricable;-2
superficial;-2
inextricably;-2
defiance;-2
downgrade;-1
dexterously;-2
undependable;-2
pity;-2
disdain;-2
fallacious;-2
incense;-1
argue;-2
fearlessly;-2
eradicate;-1
obscenity;-2
mortified;-2
irresponsible;-2
irresponsibly;-2
penalize;-2
bewilder;-2
subside;-1
disgracefully;-2
much;0
bedlamite;-2
privilege;-2
adroitly;-2
incompetent;-2
obese;-2
dote;-2
doubts;-2
jeeringly;-2
chill;-1
gritty;-1
manipulators;-2
player;0
upscale;-1
fractiously;-2
rapprochement;-1
severity;-2
haphazard;-1
harmony;-2
perspicuously;-2
emphatic;-2
fairly;-1
effortlessly;-2
ill-usage;-2
dexterous;-2
haggard;-2
intrusion;-1
askance;-2
cannibalize;-2
fanatically;-2
opinions;0
sleepy;0
forsaken;-2
beset;-1
ungovernable;-2
prognosticate;0
plight;-2
amusingly;-2
ease;-1
obedient;-2
innocent;-1
prison;-1
irretrievable;-1
survival;-1
disagreement;-2
possible;0
unequivocally;-2
possibly;0
indicative;0
shadow;-2
unique;-1
harmoniously;-2
excitedness;-2
bonkers;-2
battlefield;-1
beneficial;-2
right;-2
macabre;-2
captive;-1
sure;-2
insistence;-1
harassment;-2
enemies;-1
inhuman;-2
creative;-2
repression;-1
foe;-2
polluter;-2
palatable;-2
defensive;-1
losing;-2
memorable;-2
hardliners;-1
restlessness;-1
lackey;-2
grievously;-2
anomalous;-1
despair;-2
insecurity;-2
hamstrung;-2
suggestions;-1
slightly;-1
meddle;-2
sob;-2
statements;0
deploringly;-2
infraction;-1
honeymoon;-1
respectable;-2
abjectly;-2
despised;-2
frazzled;-2
suffice;-1
humorous;-2
overshadow;-1
greatness;-2
happy;-2
insurrection;-1
fascination;-2
shrilly;-2
understandable;-2
straggle;-1
safeguard;-2
congratulations;-2
misinform;-2
utmost;-2
pest;-2
calumniation;-2
juvenile;-1
discountenance;-2
liberal;-1
unnerve;-2
crumble;-1
soothe;-2
leer;-2
heartbreakingly;-2
floor;0
desecrate;-2
amicable;-2
ambitious;-1
superfluous;-2
mudslinger;-2
disastrously;-2
intend;0
geezer;-2
paralize;-1
comely;-2
intent;0
smelling;-1
persecution;-2
anti-white;-2
congested;-1
expropriate;-1
quandary;-2
stricken;-2
subvert;-1
disrespectable;-2
avalanche;-2
uneven;-1
rousing;-2
obsessively;-2
indolent;-2
vex;-2
oversight;-1
bogus;-2
persevere;-2
jerk;-2
cheap;-2
navigable;-1
cataclysmic;-2
gloomy;-2
rapturous;-2
rationality;-1
exact;0
engrossing;-2
speculation;0
sweeten;-1
spiritual;-2
insignificant;-1
soft-spoken;-1
adulation;-2
kindliness;-2
cleanliness;-1
jeopardy;-2
celebrated;-2
reminiscent;-2
torturously;-2
boost;-1
irresolvable;-1
abscond;-2
assertive;-1
understanding;-1
contemplate;0
upgrade;-1
dwindling;-1
momentous;-2
molestation;-2
shamelessness;-2
redemption;-2
effusive;-2
dusty;-1
funded;0
ineffective;-1
ill-fated;-2
reclaim;-1
love;-2
prefer;-2
logical;-1
bloody;-1
marvelous;-2
abash;-2
self-sufficient;-1
fake;-2
flagging;-1
abase;-2
positive;-1
angry;-2
dangle;-2
cherished;-2
wicked;-2
afford;-1
apparent;0
validity;-1
ignorant;-2
degrade;-2
degenerately;-2
preponderance;-2
unnatural;-1
pretend;-2
fatalistic;-2
instable;-1
impasse;-2
harmonious;-2
values;-1
awesome;-2
intransigent;-2
admirer;-2
stole;-1
evidently;-2
calumnious;-2
savor;-1
divided;-1
vainly;-2
immune;0
abidance;-2
optimal;-2
unforgettable;-2
quarrellously;-2
spot;-1
convincingly;-2
rehabilitate;-1
improving;-1
such;0
filthy;-2
shockingly;-2
egotistical;-2
disagreeable;-2
stress;-2
natural;-1
regressive;-1
so;0
dreamland;-2
disagreeably;-2
drunken;-2
innocuous;-2
noteworthy;-2
unacceptable;-2
anti-Semites;-2
yearn;-2
horrify;-2
tendency;0
thoughtfulness;-2
avid;-2
despotic;-2
lackluster;-2
stupidity;-2
disconcertingly;-2
attraction;-2
suspicion;-1
revulsion;-2
antipathy;-2
smarter;-2
illogically;-2
bashful;-2
courageously;-2
tenaciously;-2
revert;-1
instability;-1
amnesty;-1
revere;-2
raptureously;-2
edify;-2
beloved;-2
indeterminable;-1
breakthrough;-1
prudently;-2
giddy;-2
abide;-2
boundless;-2
trauma;-2
mistified;-1
ascendant;-2
cooperatively;-1
worthiness;-2
siege;-1
palatial;-2
possibility;0
quite;0
disrespect;-2
complicated;-1
matchless;-2
besides;0
bumpy;-1
dissonant;-2
scarred;-2
liberally;-1
heroize;-2
imposers;-2
gaff;-2
wrong;-1
impure;-2
massive;0
bothersome;-2
neglect;-2
puny;-2
emotion;0
punishable;-1
anti-;-2
open;-1
languish;-2
wrath;-2
ill-favored;-2
judgements;0
shiver;-2
stuffed;0
realization;0
oversimplified;-1
pacifists;-2
snatch;-1
ridiculous;-2
impractical;-2
heavyhearted;-2
rival;-1
stammer;-2
glossy;-2
damned;-2
proactive;-2
prospect;-1
illness;-1
fragmented;-1
sumptuous;-2
sag;-1
argument;-1
sad;-2
prestigious;-1
lurking;-2
bewilderingly;-2
sap;-2
dismissive;-2
perplex;-2
fashionable;-2
destroy;-1
hedonistic;-2
fashionably;-2
time-honored;-2
discerning;-2
knew;0
knowingly;0
adaptability;-1
unencumbered;-1
energize;-1
touchy;-2
blockhead;-2
drive;-1
guiltily;-2
jittery;-2
intoxicate;-1
unassailable;-2
infuriate;-2
straggler;-1
merit;-2
far-reaching;0
elan;-2
inconsistent;-1
scarce;-1
aggressive;-2
calumnies;-2
slow;-1
unkind;-2
considerable;0
liberation;-1
outrage;-2
dispute;-2
godlike;-2
graceless;-2
infallibly;-2
simplistic;-2
infallible;-2
prime;0
maniacal;-2
keenly;-2
absurdly;-2
worried;-2
liable;-1
worries;-2
worrier;-2
disparage;-2
downfallen;-2
ghastly;-2
enthralled;-2
temperance;-1
audaciously;-2
anyways;0
impressions;-1
inequalities;-1
alarming;-2
mope;-1
forsake;-2
pitiless;-2
inappropriately;-2
aberration;-2
triumphal;-2
adept;-1
jovial;-2
spare;-1
menacing;-2
jaunty;-2
undermine;-2
quack;-2
farcical;-2
self-serving;-2
ineptly;-2
belie;-2
expression;0
calumniate;-2
extravagantly;-2
gaiety;-2
concede;-2
needlessly;-1
almighty;-2
reflective;0
diatribe;-2
enable;-1
unsafe;-1
abject;-2
profane;-2
prominence;-1
pleasurable;-2
world-famous;-2
twists;-1
reviled;-2
dubious;-2
blah;-2
hopefulness;-2
blab;-2
fame;-2
debilitating;-1
legalistic;0
underestimate;-2
war-like;-2
inoffensive;-2
breakdown;-1
maturely;-1
infuriatingly;-2
deft;-2
defy;-2
domineering;-2
entanglement;-1
cheery;-2
renewable;0
awesomeness;-2
undefined;-1
idiotically;-2
staunchness;-2
memorialize;-2
truculent;-2
disconcert;-2
slime;-2
fateful;-2
futilely;-2
splayed-finger;0
rhapsodize;-1
deceiving;-2
pestilent;-2
overthrow;-1
ebullient;-2
joyful;-2
dark;-1
snarl;-1
darn;-2
snare;-1
vague;-1
bravery;-2
sensational;-2
stranger;-2
expunge;-2
intolerablely;-2
full-scale;0
cravenly;-2
obstruct;-1
satisfactory;-2
debilitate;-1
asperse;-2
moreover;0
divine;-2
wrongly;-2
scandals;-2
memories;0
corrosive;-1
unsuccessfully;-1
biased;-2
squabble;-2
power;0
intimate;0
poise;-2
imminence;-2
disparaging;-2
audaciousness;-2
biases;-2
luxurious;-2
exasperating;-2
joyfully;-2
menacingly;-2
favorite;-2
slender;-1
practicable;-1
masterpieces;-2
mean;0
nastily;-2
sensitively;-2
foulness;-2
perturbed;-2
chivalry;-2
utterly;-2
braggart;-2
interruption;-1
rectification;-2
inculcate;-2
lively;-2
deceivers;-2
glean;0
desert;-2
mindless;-2
futile;-2
mollify;-2
complete;0
fastidious;-2
antiquated;-2
impedance;-2
amplify;0
darken;-1
rage;-2
flirt;-2
dirty;-1
reprimand;-2
flatteringly;-2
agree;-2
brotherly;-1
gratuitous;-2
certain;0
stealing;-1
ax;-2
tranquil;-2
appalling;-2
dawn;-1
ideally;-2
sanguine;-2
sympathetically;-2
abolish;-1
unparalleled;-2
friggin;-2
incomprehensible;-2
disgraceful;-2
damnably;-2
damnable;-2
midget;-2
imminently;-2
misleadingly;-2
vivacious;-2
indiscriminating;-2
offensiveness;-2
fraudulent;-1
original;-1
consider;0
beware;-1
importune;-2
fairness;-1
improperly;-2
attentive;-2
sparkle;-2
smile;-2
degeneration;-2
puzzled;-2
discrepant;-1
candid;-2
manageable;-1
marvellous;-2
ingratitude;-2
laud;-2
large;-1
desertion;-2
sane;-2
senselessly;-2
dizzingly;-2
lechery;-2
destitute;-2
quicken;-2
offbeat;-2
poisonous;-1
undecided;-1
revealing;0
full;0
empower;-1
indecision;-2
deceitfully;-2
mudslinging;-2
brutal;-2
skepticism;-2
luck;-2
sweetness;-1
calumniously;-2
vie;-2
traumatized;-2
conspiratorial;-2
decrement;-1
coercion;-2
inadequately;-1
amiability;-2
enliven;-1
implore;0
gorgeous;-2
befitting;-2
one-sided;-2
spoon-fed;-2
nonviolent;0
objections;-2
doom;-2
fatal;-1
learn;0
beautiful;-2
prompt;-1
life-threatening;-1
dilly-dally;-2
accept;-1
unbiased;-1
sense;-1
scar;-2
condemn;-2
huge;0
distastefully;-2
disconsolate;-2
imminent;-2
glowing;-2
cajole;-2
wiles;-2
confounding;-1
lanky;-1
disgraced;-2
second-tier;-1
sympathize;-2
unsound;-2
authentic;-1
misapprehend;-1
malevolent;-2
debility;-1
fundamental;0
impermissible;-1
helplessly;-1
incessantly;-2
distortion;-2
wide-ranging;-1
superiority;-2
attitude;0
dawdle;-2
sugarcoated;-2
smiling;-2
irreformable;-2
tantalizingly;-2
plotters;-2
nifty;-2
ally;-2
wry;-2
tentatively;-1
severely;-2
motley;-2
sucker;-2
imperil;-2
misuse;-2
speculate;0
harrow;-2
respectful;-2
reticent;-2
coping;-1
eloquence;-2
aggrieved;-2
shocking;-2
disorganized;-2
reactions;0
resolute;-1
exorbitant;-2
terrify;-2
really;0
repressive;-1
embattled;-1
sparingly;-1
expulse;-1
darling;-2
impudence;-2
salute;-2
nervously;-2
bungler;-2
belief;0
bedlam;-2
paucity;-2
qualify;-1
imagine;0
weed;-1
reproach;-2
driven;-1
insolence;-2
sicken;-1
sensations;-2
expedient;-1
major;0
terrifyingly;-2
god-awful;-2
belligerent;-2
brutally;-2
glitter;-2
disordered;-1
differ;-1
peaceable;-2
leverage;-1
swipe;-2
threatening;-1
heady;-2
tradition;-1
hallowed;-2
flimsy;-1
zealot;-2
saint;-2
aver;-2
justly;-2
sympathies;-2
warmly;-2
discombobulate;-2
immediate;0
appreciation;-2
satirical;-2
stifle;-2
rampant;-2
grace;-2
ungrateful;-2
condolences;-2
vocal;0
annihilation;-2
abysmally;-2
exuberant;-2
defect;-1
pedestrian;-1
servitude;-2
mawkish;-2
tarnish;-1
jeopardize;-2
commotion;-2
astronomic;0
freakishly;-2
frail;-1
hardy;-1
yawn;-2
virus;-2
reward;-2
unequal;-2
covet;0
barren;-2
deceitfulness;-2
despise;-2
ugh;-2
gold;-1
exterminate;-2
agonize;-2
aghast;-2
indecorum;-2
desolate;-2
defender;-2
unjustly;-2
indifference;-2
giants;0
dependent;0
sunny;-1
impregnable;-2
resent;-2
remedy;-1
farcical-yet-provocative;-2
charmingly;-2
frightening;-2
exultation;-2
enemy;-1
progressive;-1
cry;-2
terrifically;-2
proclaim;0
obscure;-2
outlaw;-2
bulky;-1
disparagingly;-2
troublingly;-2
overwhelm;-1
potent;-2
ill-treatment;-2
insidiously;-2
matter;0
worth-while;-2
smuttier;-2
avoidance;-1
viciousness;-2
beatify;-2
compliment;-2
knowing;0
candor;-2
hardship;-2
fidgety;-2
disallow;-2
untouched;-1
smoldering;-2
prospects;-1
improved;-1
influential;-1
offending;-2
harpy;-2
disgustfully;-2
approve;-1
shortsighted;-2
majesty;-2
drunk;-2
hollow;-2
indefinite;-1
worthless;-2
devil;-2
filth;-2
acceptance;-1
implicit;0
rattle;-2
extravagant;-2
extreme;-2
firm;0
sweetheart;-1
champion;-1
sentimentality;-2
bitchy;-2
adaptable;-1
moderation;-2
revile;-2
systematic;0
untrained;-1
cogitate;0
inclement;-1
uncertain;-1
reliable;-1
admire;-2
spitefulness;-2
reliably;-1
error;-1
agitation;-2
unprecedent;-2
vow;-2
beautifully;-2
vanish;-1
exult;-2
funny;-2
sounding;-1
radicalization;-2
fallacies;-2
elevated;-1
ugliness;-2
forgiveness;-2
mortifying;-2
trivially;-2
comprehensive;-1
alert;0
jealously;-2
fabrication;-2
infamous;-2
oddest;-2
picky;-2
loathsome;-2
concrete;-1
discourteously;-2
uncouth;-2
belabor;-2
rumbling;-2
nefariously;-2
dastard;-2
admission;-1
signals;0
eager;-2
relevance;-1
defiantly;-2
demands;0
suffering;-2
cataclysm;-2
abound;-1
pertinent;-1
consensus;-2
sugar-coat;-2
stylish;-2
disorder;-1
amicably;-2
irresistibly;-2
depravedly;-2
goddamn;-2
unfazed;-2
felonious;-1
mighty;-2
hard-line;-2
curious;-2
dishonorablely;-2
pale;-1
indigent;-1
irresistible;-2
wrongful;-1
benefit;-1
twinkly;-2
worship;-1
inclination;-2
object;-2
agreement;-1
respite;-2
discontented;-2
deserved;-2
ambush;-1
forgave;-2
repair;-1
garbage;-1
prideful;-2
disturbingly;-2
integral;-1
prodigious;-2
appropriate;-1
primarily;0
unnerving;-2
criticisms;-2
traduce;-2
sneaky;-1
glowingly;-2
chide;-2
crackdown;-1
inconsistency;-1
mishandle;-2
suit;-1
rhetorical;-2
considerably;0
insensitivity;-2
impudent;-2
byzantine;-2
graciously;-2
relaxed;-1
brazenness;-2
slump;-1
well-regarded;-2
archaic;-2
harangue;-2
inhumane;-2
maturity;-1
slander;-2
preemptive;-1
mature;-1
ascertainable;-2
retaliatory;-1
awestruck;-2
genial;-1
reconcile;-1
oddity;-2
raging;-2
likewise;0
influence;0
haunt;-1
graceful;-2
troublemaker;-2
nationalism;-2
caustically;-2
immensurable;0
puzzling;-2
invalid;-2
irreplacible;-2
retract;-1
imploringly;0
condolence;-2
deviate;-1
sumptuously;-2
scapegoat;-2
energetic;-1
besiege;-1
lucid;-2
suppression;-1
effrontery;-2
destinies;-2
mindlessly;-2
reasoned;-1
wholeheartedly;-2
inaccuracy;-1
fresh;-1
menace;-2
debaucher;-2
effigy;-2
enjoyably;-2
soften;-2
enjoyable;-2
renown;-2
amiss;-2
gossip;-2
concerned;-2
dislike;-2
kaput;-2
retire;-1
torture;-1
timely;-1
magic;-2
stodgy;-2
uncompetitive;-1
damning;-2
inelegant;-2
rack;-2
pledge;-2
mishap;-2
unprofitable;-1
crook;-2
imply;0
odd;-1
leakage;-1
waning;-2
marvelously;-2
dissatisfy;-2
insecure;-1
sneeringly;-2
punch;-2
misgiving;-2
poverty;-2
consideration;0
great;-2
engage;0
indiscreetly;-2
screech;-2
defeat;-1
opinion;0
disobey;-2
repugn;-2
mortify;-2
inconveniently;-2
confidence;-2
illegal;-1
throw;-1
doubt;-2
irrepressible;-2
capriciously;-2
shipwreck;-1
infamy;-2
foolishly;-2
rubbish;-2
baby;0
gladly;-2
charity;-1
entangle;-1
pout;-2
challenge;-1
unspeakablely;-2
wedge;-1
bent;-1
painstakingly;-2
slim;-1
high;0
trumpet;-2
weaken;-2
educational;-1
negation;-1
insistent;-2
comedy;-1
intelligent;-2
luster;-2
abrasive;-2
smut;-2
solidarity;-2
awkwardness;-2
redundant;-1
allow;-1
well-managed;-2
understate;-2
move;0
doubtful;-2
apathetically;-2
perfect;-2
decay;-2
remorseless;-2
lawlessness;-2
volatility;-1
cuss;-2
non-confidence;-2
heavy-handed;-2
kiss;-1
pompous;-2
transparent;0
scenic;-1
sufficiently;-1
delightful;-2
truth;-2
shortage;-1
deficiency;-1
static;-1
castigate;-2
irritation;-2
banal;-2
fundamentally;0
monumental;-2
venom;-2
superbly;-2
heartily;-2
unprepared;-1
adaptive;-1
self-examination;0
perish;-2
unwieldy;-2
inferiority;-2
greedy;-2
unipolar;-2
ignominious;-2
tempt;-2
shun;-2
embarrass;-2
craving;-2
assiduously;-2
scary;-2
injudicious;-2
could;0
scars;-2
chilly;-1
serenity;-2
scare;-2
ethical;-2
wondrous;-2
affliction;-1
opportune;-2
deceptive;-2
inalienable;-1
heartrending;-2
exhilarating;-2
belligerently;-2
sensitivity;-2
painful;-1
pervasive;0
sloppily;-2
chagrin;-2
depressing;-2
dislocated;-1
vouch;-2
disrespectablity;-2
luckiness;-2
elite;-1
haven;-2
warfare;-1
egregious;-2
bother;-2
aggressor;-2
extraordinarily;-2
tortured;-1
appealing;-2
rollercoaster;-2
steep;-1
torrent;-2
misunderstand;-2
ingenious;-2
accusing;-2
beggar;-1
chivalrous;-2
intriguingly;-2
trusting;-2
abomination;-2
gentle;-1
clearly;-2
competency;-1
demolisher;-1
well-educated;-1
acrimoniously;-2
awed;-2
tranquility;-2
oppressiveness;-2
competence;-1
persistence;0
tyrannical;-2
embroiled;-2
disavowal;-2
disgustedly;-2
fatalistically;-2
better-known;-2
lust;0
preposterously;-2
fervent;-2
so-called;-2
hypocrite;-2
fiasco;-2
maddeningly;-2
fact;0
magnanimously;-2
perversion;-2
solicitude;-2
disvalue;-2
rough;-1
asylum;-1
trivial;-2
incompliant;-1
disillusion;-2
illumine;-2
conciliate;-2
jar;-1
should;0
jam;-1
wretchedness;-2
hope;-2
insight;-2
disappointingly;-2
familiar;0
irreproachable;-2
cranky;-2
lucky;-2
forebodingly;-2
antagonist;-1
smash;-1
dishearten;-2
contemptible;-2
extremists;-1
disapprobation;-2
streamlined;-1
allegation;-2
shortchange;-2
monstrosities;-2
low-rated;-2
allusion;0
catastrophic;-2
dragon;-2
dungeon;-2
destiny;0
insulting;-2
partisan;-2
thoughtlessness;-2
distressingly;-2
taunting;-2
injustice;-2
destine;-1
disgruntled;-2
derogatory;-2
explosive;-1
ignorance;-2
strides;-1
barbarously;-2
absentee;-1
tantrum;-2
perfidious;-2
quitter;-2
galore;-2
innocently;-1
insociable;-2
exalting;-2
coercive;-2
jubilate;-2
accursed;-2
outsider;-1
mismanage;-2
wonderous;-2
willing;-2
bleakly;-2
waste;-1
tyranny;-2
altruist;-2
coherence;-2
acclamation;-2
misguide;-2
hateful;-2
enviousness;-2
banish;-2
sourly;-1
lecherous;-2
pretentious;-2
remorselessly;-2
smokescreen;-2
ultra;-2
exorbitantance;-2
concerted;0
ripe;-1
insanely;-2
lush;-2
prosper;-2
lascivious;-2
excessively;-2
optimistic;-1
impervious;-2
denial;-2
painstaking;-2
outbreak;-1
terrorism;-1
glaring;-2
joyously;-2
covenant;-1
unimaginable;-2
balk;-2
self-satisfaction;-2
light-hearted;-2
unimaginably;-2
pleasantly;-1
fascinate;-2
acknowledgement;-1
enrage;-2
onerously;-2
poisonously;-1
devilry;-2
negligence;-2
less;-1
dissatisfying;-2
glut;-1
glum;-2
miserableness;-2
generous;-2
wee;-2
scoundrel;-2
vain;-2
magnify;-1
taunt;-2
famously;-2
unquestionable;-2
atrophy;-2
debatable;-2
crisp;-1
inquisitive;-2
mistrustful;-2
parasite;-1
stagger;-1
inexperienced;-1
sully;-2
inconstant;-2
unaudited;0
ineligible;-1
recognition;-1
disbelief;-2
avoid;-1
passion;-2
forgiven;-2
indistinctive;-1
pressure;0
tint;0
posterity;-1
imaginary;-2
despoil;-2
adversary;-1
coldly;-2
idolize;-2
punitive;-1
insufficient;-1
concession;-1
diabolical;-2
alliance;0
villify;-2
rectify;-2
commitment;-1
assess;0
disaffected;-2
mere;-2
disapproval;-2
kooky;-2
upliftment;-2
frustration;-2
heresy;-2
troubling;-2
naturally;-1
shyness;-2
grate;-2
detestable;-2
wretchedly;-2
evident;-1
soreness;-1
smooth;-1
reinforcement;-1
excitement;-2
convince;-1
travesties;-2
problem;-1
informational;0
detestably;-2
profusion;-2
cordial;-1
rightly;-2
plunderer;-2
unsavory;-2
letch;-2
renowned;-2
incorrigibly;-2
deadly;-1
scholarly;0
incorrigible;-2
predominant;0
illusion;-2
reckless;-2
satirize;-2
semblance;-1
oppression;-2
baffling;-2
pacify;0
hotheaded;-2
inspiration;-2
frightfully;-2
reprovingly;-2
torrid;-2
villainous;-2
abhor;-2
unspeakable;-2
suicidal;-1
magnetic;-1
desirable;-2
encouragingly;-2
controversial;-1
integrity;-2
brashly;-2
asinininity;-2
excoriate;-2
inhospitality;-2
tickle;-1
unsteadiness;-1
daze;-2
regal;-2
worth;-2
blistering;-2
compassion;-2
hilarious;-2
distort;-2
manic;-2
disobedient;-2
insolvent;-1
bewildered;-2
abhorrence;-2
daydream;-2
pinch;-1
relentlessly;-2
triumph;-2
monotonous;-2
blasphemy;-2
capriciousness;-2
depraved;-2
blaspheme;-2
rigorous;-1
decadence;-2
established;-1
incompatible;-1
well-publicized;-1
above;-1
toll;-1
suppose;0
festive;-2
protection;-1
metaphorize;0
wastefulness;-1
celebration;-2
anarchism;-2
foolishness;-2
cogent;-2
insensitively;-2
lonesome;-2
surely;-2
anarchist;-2
subjected;-1
envious;-2
secure;-1
spooky;-2
inequitable;-2
angrily;-2
inequitably;-2
uncivil;-2
sparkling;-1
achievable;-1
romantically;-2
devastation;-1
gloss;-2
ploy;-2
negative;-1
insult;-2
antagonism;-2
agonizingly;-2
plagiarize;-2
award;-1
aware;0
sobering;-2
unraveled;-1
adamant;-2
striving;-2
overrun;-1
divorced;-1
taunts;-2
worn;-1
transparency;0
elegantly;-2
compulsive;-2
pollute;-1
deadweight;-2
heartless;-2
impair;-2
fanciful;-2
indifferent;-2
disrespectfulness;-2
impassive;-1
agreeability;-2
agony;-2
debauchery;-2
morbid;-2
disappoint;-2
fudge;-2
horror;-2
gamble;-1
fever;-1
lag;-1
lax;-2
outbursts;-2
meaningful;-2
complacent;-2
foolhardy;-2
austere;-2
alienate;-1
hasty;-1
sorrowful;-2
appreciate;-2
greet;-2
stimulate;-1
nascent;0
haste;-2
sanctimonious;-2
atrocity;-2
greed;-2
modesty;-1
infested;-1
gumption;-2
devote;-2
consent;-2
proportionate;0
innovative;-1
awfulness;-2
understated;-2
valor;-2
precipitate;-2
split;-1
affected;0
unfortunate;-2
amenable;-2
collide;-1
bane;-2
repulsive;-2
shameful;-2
payback;-2
lifelong;-1
rocky;-1
reasonably;-1
absolve;-2
misbehave;-2
profusely;-2
apotheosis;-2
stronger-than-expected;0
recognizable;0
disloyalty;-2
wide-open;-1
remorse;-2
disputed;-2
veto;-2
lawless;-2
fervid;-2
dashing;-2
amazement;-2
certified;0
insubstantially;-2
unfulfilled;-1
maniac;-2
flawless;-2
oppose;-2
regress;-1
burdensomely;-2
truthfulness;-2
daunting;-2
miscalculation;-1
hamstring;-2
delicious;-2
drones;-2
thoughtfully;-2
lamentable;-2
protracted;-1
overzealously;-2
plentiful;-1
immodest;-2
airs;-1
compromise;-1
fumble;-1
damaging;-1
paltry;-2
fanatical;-2
happily;-2
diversified;-1
ludicrously;-2
inexact;-1
unabashedly;-2
rebuff;-2
mercy;-2
guile;-2
splendidly;-2
guilt;-2
devious;-2
malady;-1
pessimism;-2
vastness;-1
enchanted;-2
lull;-1
vigorous;-1
facetiously;-2
praising;-2
ponder;0
strength;0
genuine;-1
unscrupulous;-2
convenient;-2
hamper;-2
elation;-2
luxury;-2
finagle;-1
conducive;-1
timidity;-2
germane;-1
prohibitive;-1
grave;-2
peevish;-2
inadverently;-1
calmness;-1
unsophisticated;-2
notion;0
fussy;-2
confront;-1
precarious;-1
respectfully;-2
subtle;-1
inestimable;-2
toast;-2
consciousness;0
guidance;-1
gutsy;-2
adequate;-1
personality;-2
ardor;-2
degradation;-2
nasty;-2
analytical;0
implication;-1
steal;-1
erroneous;-2
miserably;-2
gladness;-2
damnation;-2
horrendous;-2
miserable;-2
diffidence;-2
afloat;-1
unable;-1
arcane;-2
cooperation;-1
misguided;-2
accord;-1
disservice;-2
cow;-1
brat;-2
ill;-1
unreliable;-2
first-rate;-2
brag;0
devotion;-2
peacefully;-1
shady;-2
freakish;-2
condescending;-2
vindictiveness;-2
infirm;-2
oblivious;-2
frenetic;-2
gratitude;-2
petty;-2
trickery;-2
backwardness;-2
charisma;-2
accentuate;0
flexible;-2
warmth;-1
leech;-2
easy;-1
plebeian;-2
beastly;-2
concerning;0
excite;-1
inconsolable;-2
coherent;-1
inconsolably;-2
imbroglio;-2
dissention;-2
spellbind;-2
gracious;-2
inhibit;-1
harms;-2
dotingly;-2
air;0
ail;-1
abrupt;-1
thrash;-1
rightness;-2
mistake;-2
stink;-2
preeminent;-1
divisively;-2
whine;-2
sting;-1
dizzy;-2
exile;-1
uplift;-1
discomfititure;-2
grandiose;-2
grapple;-1
agreeableness;-2
incorrectly;-2
imperiously;-2
independent;-1
emphasise;0
fuss;-2
rail;-2
evil;-2
inaptitude;-2
nix;-2
vengeful;-2
immaterial;-2
humble;-2
taint;-2
ragged;-2
impertinent;-2
bereave;-2
stringent;-1
dignify;-1
extol;-2
passive;-2
exalt;-2
righteous;-2
desire;-2
usable;-1
insensitive;-2
contrariness;-2
unfounded;-2
retreat;-1
disadvantage;-2
seductive;-2
disinclination;-2
farcically;-2
invaluable;-2
security;-1
starvation;-1
warily;-2
flatter;-2
rile;-2
hassle;-2
pugnacious;-2
spinster;-1
bore;-2
confusing;-2
congratulate;-2
humor;-2
phenomenal;-2
unavoidable;-1
gruesomely;-2
indoctrination;-2
enticingly;-2
unavoidably;-1
adorable;-2
cash-strapped;-1
posh;-2
confer;-1
constructive;-1
chafe;-2
chaff;-2
hostilities;-1
courtesy;-2
titillatingly;-2
cherish;-2
indecency;-2
dilemma;-1
effusion;-2
sparing;-1
delighted;-2
formidable;-2
balanced;-1
lewd;-2
stumble;-1
strangely;-2
hard-liner;-2
deception;-2
overblown;-2
fight;-1
derision;-2
war;-1
overjoyed;-2
diligence;-1
forgetful;-2
vitality;-2
catalyst;-2
astonished;-2
high-quality;-1
invincible;-2
generosity;-2
emotional;-2
inclusive;-1
stupendously;-2
opportunistic;-1
menial;-1
disputable;-2
dying;-1
meanness;-2
disloyal;-2
falsely;-2
evasive;-1
unwilling;-2
frolic;-2
guiltless;-2
convincing;-2
polite;-1
mightily;-2
assiduous;-2
faze;-1
cohesion;-1
accolade;-2
cheater;-2
denunciate;-2
precedent;-1
broke;-1
diplomacy;0
dance;-1
debauch;-2
grateful;-2
adamantly;-2
devoted;-2
devotee;-2
certainly;0
flash;-1
aristocratic;-1
compensate;-2
dissatisfied;-2
flak;-2
terror;-2
idealist;-1
division;-1
protective;-1
seemingly;0
liability;-2
ferociously;-2
forgiving;-2
blast;-1
feeble;-1
dismalness;-2
fragile;-1
distasteful;-2
brave;-2
regret;-2
repetitive;-1
agitate;-2
scarcity;-1
stupefy;0
perplexity;-2
helpless;-1
tempest;-1
acrimonious;-2
enticing;-2
curse;-2
appear;0
well-established;-1
pleasingly;-2
havoc;-2
supporter;-2
appeal;-1
paradoxical;-2
satisfy;-1
unbosom;-2
efficacious;-1
gawk;-2
blackmail;-1
disclaim;-2
fractious;-2
sociable;-2
merriment;-2
impatiently;-2
maxi-devaluation;-2
disavow;-2
trial;-1
burdensome;-2
kemp;-2
patriotic;-2
ineffectiveness;-1
inference;0
keenness;-2
anti-occupation;-2
sincerely;-2
sufferers;-2
atrocious;-2
rarely;0
prove;0
senile;-2
captivate;-2
live;-1
wonderfully;-2
melodramatically;-2
marginally;-1
plaything;-2
entrance;-1
repentance;-2
misconception;-2
bemoaning;-2
nauseatingly;-2
chastise;-2
indescribably;-2
woefully;-2
stimulating;-2
heart;-1
dedicated;-2
chit;-2
supremacy;-2
refine;-1
chic;-2
shortsightedness;-2
ill-treated;-2
redundancy;-1
bankrupt;-1
fortunately;-2
exceptional;-2
blithe;-2
allowable;-1
dominance;-1
deteriorate;-1
peerless;-2
sacrifice;-2
brazen;-2
disgusted;-2
drastic;-2
flourish;-2
bid-rigging;-1
explicit;-2
nosey;-2
rather;0
fortuitously;-2
offend;-2
crumple;-1
indeed;0
forfeit;-1
playful;-2
nefarious;-2
cold;-1
still;0
dangerousness;-2
acknowledge;-1
sinfully;-2
suffocate;-2
spacious;-1
dreadfully;-2
factual;0
inefficiency;-1
halt;0
shrouded;-2
hale;-2
wealthy;-1
lier;-2
placate;-2
thankful;-2
fawningly;-2
outrageously;-2
entirely;0
vexation;-2
grouse;-2
worriedly;-2
yeah;0
amusement;-2
accomplish;-1
bullish;-1
irony;-2
belligerence;-2
thirst;-2
looking;0
hallucinate;-2
rational;-2
ruinous;-1
viable;-1
busybody;-2
insular;-1
scandalize;-2
carp;-2
advantages;-1
gaffe;-2
obligation;0
ominous;-2
inevitable;-2
care;-1
vehemently;-2
honest;-1
disable;-1
tangled;-1
outcry;-2
profess;-2
support;-1
blind;-1
impossibly;-1
striking;-2
jealousy;-2
indecent;-2
untrue;-2
ill-used;-2
impetuous;-2
imprecate;-2
sheer;-2
truthfully;-2
thankless;-2
callous;-2
tragic;-2
cost-effective;-1
friend;-1
brainy;-2
mostly;0
uninformed;-1
brains;-2
heretical;-2
dinky;-1
accordance;-1
optimism;-2
impinge;-2
extinguish;-1
profuse;-2
sublime;-2
troublesome;-2
contentious;-2
angel;-1
aspersion;-2
premier;-1
slap;-2
anger;-2
insatiable;-2
recover;-1
terrific;-2
nuances;0
beggarly;-2
objective;-1
ego;-2
oppressive;-2
infiltrators;-1
neatly;-1
importantly;-1
expertly;-2
irately;-2
flawlessly;-2
saintliness;-2
steady;-1
slaves;-2
unnervingly;-2
so-cal;-2
boggle;-2
nemesis;-2
jolt;-1
staid;-2
direly;-2
maliciousness;-2
unravel;-2
stain;-1
malcontent;-2
shrill;-2
incivility;-2
handily;-2
truly;-2
loath;-2
celebrate;-2
deprecate;-2
appreciatively;-2
sorrowfully;-2
imbecile;-2
irritant;-1
overworked;-2
indeterminably;-1
effectual;-1
perceptive;-2
browbeat;-2
allegorize;0
famine;-2
unfit;-2
disquietingly;-2
recalcitrant;-2
staunch;-2
culpable;-2
reputed;0
concern;-1
incite;-1
perspicuous;-2
altercation;-1
unanimous;-2
stellarly;-2
pettifog;-2
blame;-2
glaringly;-2
comeback;-1
venomously;-2
perceptions;0
talented;-2
self-interest;-2
temper;-1
susceptible;-1
reluctantly;-1
shamefully;-2
repulsively;-2
madness;-2
adroit;-2
foreboding;-2
inexplicable;-2
exploit;-2
learning;-1
disgrace;-2
actually;0
charismatic;-2
predictablely;0
dictator;-1
exhaustion;-1
impugn;-2
wounds;-1
vagueness;-1
scrupulously;-2
scarily;-2
handicapped;-1
scum;-2
cherub;-2
implacable;-2
zenith;-2
anxieties;-2
bias;-2
embrace;-2
bestial;-2
thrills;-2
worry;-2
poetic;-2
contortions;-2
anarchistic;-2
noble;-2
pedantic;-2
enjoyment;-2
stingingly;-2
nobly;-2
enchanting;-2
undependability;-2
bondage;-2
severe;-2
demean;-2
alleviate;-1
vent;-2
knowledgeable;-2
valuable;-2
electrification;-2
relevant;-1
touch;0
death;-1
legitimately;-1
thinking;0
weariness;-2
senseless;-2
improvement;-1
subversion;-1
mournful;-2
disproportionate;-1
real;-1
frown;-2
spectacular;-2
worryingly;-2
offence;-1
earnest;-2
tingle;-2
detract;-1
ramshackle;-2
stunt;-1
fortune;-2
utterances;0
endorser;-2
miracle;-2
engross;0
feckless;-2
falsehood;-2
apologists;-2
exposed;-1
sentimentally;-2
pointlessly;-1
zealously;-2
derisive;-2
squirm;-2
perverse;-2
debacle;-2
dejection;-2
sadden;-2
dreadfulness;-2
indestructible;-2
strained;-1
unease;-2
uneasy;-2
uncivilized;-2
hectic;-1
innocence;-1
exciting;-2
desiccated;-2
fondness;-2
emasculate;-2
central;0
piety;-1
friendship;-1
forsee;0
tremendous;-2
boldly;-2
greatly;0
assassin;-2
daringly;-2
outlook;0
protests;-1
astronomically;0
dazzling;-2
renovate;-1
commodious;-1
watchdog;-2
entrust;-1
restless;-1
stark;-2
unlawfulness;-1
unreliability;-2
low;-1
stars;-2
politeness;-1
immaculate;-2
allergic;-1
curiously;-2
manipulative;-2
recoil;-2
attainable;-1
trying;-1
irreversible;-2
election-rigger;-2
god-given;-2
fraud;-1
receptive;-2
lawfully;-1
sadness;-2
backbiting;-2
gibberish;-2
beliefs;0
intents;0
reliability;-1
unwelcome;-2
hotbeds;-2
selfishly;-2
trample;-2
valid;-1
woeful;-2
poor;-1
authoritarian;-1
open-ended;0
expropriation;-1
desolation;-2
overreach;-1
unattractive;-2
titillating;-2
apathy;-2
hard-working;-1
repay;-2
forswear;-2
mourner;-2
banishment;-2
splitting;-1
franticly;-2
pique;-1
thoughtful;-2
messy;-1
dreadful;-2
fastuous;-2
fervor;-2
pledges;-2
resounding;-2
very;0
indubitable;-2
rogue;-2
indubitably;-2
maladjusted;-2
securely;-1
heaven;-1
deficient;-1
ceaseless;0
disrepute;-2
vanquish;-2
colossal;-1
stigmatize;-2
enfeeble;-2
enhancement;-1
enjoin;-2
envisions;-1
conscience;-1
darkness;-1
exhilaratingly;-2
scorching;-2
lurch;-2
emotions;0
blindside;-2
underlings;-2
learned;-1
repugnant;-2
turmoil;-2
ferocious;-2
mendacious;-2
selective;-1
grudges;-2
eventful;-1
strong;-1
venomous;-2
conviction;-1
exceptionally;-2
upsettingly;-2
invalidate;-2
toughness;-2
marginal;-1
impiety;-2
fatuous;-2
glitch;-1
lewdness;-2
flaws;-1
injure;-1
revelation;-1
mysterious;-2
injury;-1
blister;-2
erode;-1
regrettable;-2
surprisingly;0
instrumental;-1
excuse;-1
regrettably;-2
pro-American;-2
stupify;-2
pretense;-2
grill;-1
gauche;-2
awe;-2
entrapment;-2
tenacious;-2
stinging;-2
boycott;-1
less-expensive;-1
fundamentalism;-1
exclude;-1
firmly;0
unlucky;-2
reject;-2
vigilance;-1
rude;-2
inconceivably;-2
malcontented;-2
sneak;-1
idiocy;-2
roadblocks;-2
gasp;-2
inconceivable;-2
compulsory;-1
diabolically;-2
contrived;-2
criticize;-2
deluge;-1
frictions;-2
negligible;-1
dread;-2
deterioration;-1
mourn;-2
dream;-2
crafty;-2
help;-1
torturous;-2
annoyingly;-2
perfidity;-2
dizzing;-2
stupified;-2
hell;-2
repugnantly;-2
reluctance;-2
fruitful;-1
absence;-1
astonish;-2
heros;-2
flabbergast;-2
fool;-2
motivated;-2
indefatigable;-2
vomit;-1
permissible;-1
soundness;-1
sweeping;-2
irrationality;-2
trustworthiness;-2
desperately;-2
fully;0
capability;-1
delightfulness;-2
pamper;-1
yearningly;-2
bickering;-2
irreconcilable;-2
deride;-2
absurdity;-2
anarchy;-2
presumptuous;-2
miss;-1
viability;-1
jolly;-2
settle;-1
blundering;-2
shrivel;-2
expansive;-2
dictatorial;-1
dirt;-1
favored;-1
misstatement;-2
reason;-1
dire;-2
desiccate;-2
hapless;-2
bask;-1
heroic;-2
execrate;-2
unresolved;-1
broad-based;0
brazenly;-2
terribly;-2
cataclysmically;-2
avariciously;-2
apocalypse;-2
swindle;-2
effortless;-2
marvelousness;-2
prohibitively;-1
ostracize;-2
blossom;-1
obedience;-2
wonderful;-2
scheme;-1
merciless;-2
demystify;-2
adulate;-2
boredom;-2
kindly;-2
lament;-2
miseries;-2
impersonal;-1
battering;-1
sty;-2
phobic;-2
phobia;-2
unhappily;-2
fervidly;-2
urgently;-1
overstate;-2
cuplrit;-2
affirmative;-1
substantial;-1
comrades;-2
imperfect;-1
cumbersome;-2
vulnerable;-2
lie;-1
adrift;-1
evasion;-1
salable;-1
useless;-1
aggravating;-2
hell-bent;-2
experienced;-1
plunder;-2
hothouse;-1
diametrically;-2
catastrophe;-2
loopholes;-2
sturdy;-1
smoulder;-2
clear;-1
popularity;-1
luckily;-2
unreasonably;-2
clean;-1
fainthearted;-2
naively;-2
dissemble;-2
perseverance;-2
ennoble;-2
languid;-2
acerbic;-2
meticulously;-1
impressively;-2
stooge;-2
distressing;-2
justice;-1
inadvisably;-1
paranoia;-2
polemize;-2
steadiness;-1
pretty;-2
inadvisable;-1
flighty;-2
hardened;-1
repulsing;-2
abuses;-1
antithetical;-2
strut;-2
famous;-1
feels;0
virtuously;-2
throttle;-2
chasten;-2
recommendations;-2
courteous;-2
pratfall;-2
disapproving;-2
irredeemably;-2
plausible;-2
mantra;0
sidetracked;-2
irredeemable;-2
close;-1
vengeance;-2
horrid;-2
wow;-2
insightfully;-2
woo;-2
incompatibility;-1
stagnation;-2
unobserved;-1
notoriously;-2
dullard;-2
timidly;-2
aggrieve;-2
invisible;0
adorer;-2
adored;-2
protector;-2
large-scale;0
whatever;-1
turbulent;-1
reprehensive;-2
damn;-2
coarse;-1
threaten;-1
mockingly;-2
empty;-1
compromises;-1
decisiveness;-1
derisiveness;-2
deflationary;-1
excitingly;-2
deter;-1
determination;-2
disruptive;-2
intriguing;-2
overplay;-2
look;0
spellbindingly;-2
conspirator;-2
unconvincingly;-2
brilliant;-2
smart;-2
endanger;-2
ecstatically;-2
loot;-2
animated;-1
unkindly;-2
fleer;-2
uncompromising;-2
costly;-1
hoax;-2
ready;-1
blissful;-2
dodgey;-2
discredit;-2
madly;-2
grand;-1
impious;-2
conflict;-1
sham;-2
misguidance;-2
covetous;-2
fatty;-1
bonus;-1
indispensability;-2
censure;-2
decency;-1
priceless;-2
haunting;-2
flirty;-2
anxious;-2
obviously;-2
uproariously;-2
savvy;-2
appalled;-2
romanticize;-2
chore;-1
cave;-1
pillory;-2
judgments;0
ignoble;-2
devastatingly;-2
cocky;-2
useful;-1
vengefully;-2
botch;-2
decayed;-2
exhilarate;-2
bonny;-2
harmonize;-2
fabulously;-2
lacking;-2
evaluate;0
tiring;-2
scoldingly;-2
game;-1
outright;0
pillar;-2
stagnate;-2
mistrustfully;-2
manifest;-2
popular;-1
ingratiating;-2
well-connected;-2
urgent;-1
pathetically;-2
impoverish;-1
trendy;-2
fanfare;-2
savage;-2
dilapidated;-2
beneficially;-2
exceeding;-2
providence;-2
civilization;-1
simmer;-2
hypocritical;-2
benefactor;-1
rue;-2
viewpoints;0
stew;-2
ache;-2
taboo;-2
subtract;-1
shine;-1
faith;-2
magnanimous;-2
self-coup;-2
shiny;-2
block;-1
miracles;-2
misbehavior;-2
nonsense;-2
dissatisfaction;-2
conscientious;-2
infuriating;-2
renewal;-1
incongruously;-2
calumny;-2
healthful;-2
inept;-2
disaffirm;-2
reiterated;0
properly;-1
tragically;-2
reiterates;0
warlike;-2
dull;-1
ecstasies;-2
skulk;-2
viciously;-2
intuitive;-2
malodorous;-2
foresight;-2
mindful;-2
unreasonable;-1
seethe;-2
unwise;-2
evocative;-2
surmise;-2
sullen;-2
nag;-2
objection;-2
fears;-2
condescension;-2
nap;0
transport;0
inglorious;-2
venerable;-2
overbalanced;-1
bravado;-2
ruthlessly;-2
heroine;-2
venerably;-2
practically;0
wellbeing;-2
imprecise;-1
evenly;-1
cheerful;-2
egomania;-2
compact;-1
stunned;-2
blindingly;-2
arrogance;-2
loathsomely;-2
friendly;-2
virtuous;-2
murderous;-1
moribund;-2
prudence;-1
felicity;-2
discouragement;-2
defamatory;-2
excruciating;-2
stiff;-1
compassionate;-2
nourishing;-1
catastrophes;-2
exasperatingly;-2
sedentary;-1
encroachment;-1
ardent;-2
languor;-2
pitilessly;-2
exacerbate;-2
rotten;-2
volatile;-1
self-defeating;-1
melancholy;-2
denunciations;-2
stance;0
upsetting;-2
theoretize;0
radicals;-2
bowdlerize;-2
conceited;-2
enterprising;-1
adulterate;-2
commendably;-2
chant;0
benevolence;-2
avaricious;-2
repel;-1
salvation;-2
danger;-1
worthy;-2
apprehensive;-2
clout;-2
unwillingly;-2
infest;-1
manipulate;-1
agreeably;-2
well-informed;-2
contentment;-2
agreeable;-2
exhaustive;-1
indefensible;-2
betray;-2
beauteous;-2
self-criticism;-2
charming;-2
insincerity;-2
felicitate;-2
inattentive;-2
rivalry;-1
meek;-2
lapse;-1
recession;-1
irreparable;-2
nurture;-2
ineffectualness;-1
beleaguer;-2
inviolate;-2
dominant;0
fearsome;-2
invincibility;-2
embodiment;0
defective;-2
picturesque;-2
ambivalence;-2
neurotic;-2
spurious;-2
sentiments;-2
reestablish;-1
deplore;-2
mislike;-2
furiously;-2
luxuriously;-2
fatigue;-1
seedy;-2
debasement;-2
flagrantly;-2
alienation;-1
presumptuously;-2
immensity;0
feeblely;-1
astronomical;0
rebellious;-2
less-developed;-1
brittle;-1
subversive;-1
brood;-2
exclusion;-1
brook;-2
spellbound;-2
sardonically;-2
demoralize;-2
supurb;-2
placid;-1
shimmeringly;-2
handy;-2
masters;-2
spoon-feed;-2
mastery;-2
upward;-1
illuminate;-2
illuminati;-2
special;-1
gallant;-2
lukewarm;-2
revoltingly;-2
pertinacity;-2
confess;-2
unlawful;-1
fathom;-1
activist;0
shambles;-2
thriving;-1
obsessive;-2
obsess;-2
achievements;-1
discontinuity;-2
humiliating;-2
forgivingly;-2
undo;-1
sustainable;-1
completely;0
dissenter;-2
sneer;-2
shrew;-2
drowning;-1
corrosion;-1
hostile;-1
precaution;-2
galling;-2
keen;-2
shred;-1
repulsed;-1
stainless;-1
confuse;-2
indisposed;-2
rectifying;-2
bitch;-2
stump;-1
eminence;-2
precisely;-1
stringently;-1
dump;-1
durable;-1
unequivocal;-2
relations;0
attack;-1
gainful;-2
perfectly;-2
terribleness;-2
temperate;-1
punish;-2
exactly;0
feint;-1
jauntily;-2
manipulation;-1
fuzzy;-1
overwhelming;-2
apologist;-2
exultingly;-2
spurn;-2
worthlessly;-2
aspiration;-2
beg;-2
claim;0
transgression;-1
insignificance;-1
distinguished;-2
earsplitting;-2
captivation;-2
villains;-2
horrors;-2
sardonic;-2
torment;-2
need;0
assurances;-1
killjoy;-2
saintly;-2
bastard;-2
opinionated;-2
vibrantly;-2
able;-1
pretentiously;-2
flat-out;-2
passionately;-2
unleash;-2
resplendent;-2
intentions;0
brutalising;-2
rigor;-1
demise;-2
threats;-1
misjudgment;-2
bloodthirsty;-2
upset;-1
prickle;-2
astonishing;-2
penitent;-2
distinctive;-1
constrain;-1
lawbreaker;-2
impression;-1
qualms;-2
unsettle;-2
reprehensible;-2
violation;-1
anyway;0
farfetched;-2
well-being;-2
passe;-2
molest;-2
reprehensibly;-2
shield;-1
envy;-2
untimely;-2
unfinished;-1
tire;-1
idiocies;-2
hopeful;-2
degrading;-2
rash;-2
strident;-2
destabilisation;-2
betrayals;-2
unconcerned;-2
infernal;-2
achieve;-1
dodge;-2
gratify;-2
righteousness;-2
adherent;-1
exaltation;-2
woe;-2
legitimate;-1
fallout;-2
marvels;-2
shy;-2
imperious;-2
dejected;-2
oppressively;-2
berserk;-2
gush;-1
wish;-2
solicitous;-2
preach;-2
irrefutably;-2
accuses;-2
orphan;-1
inkling;0
unfavorable;-2
reinforce;-1
legacy;0
triumphant;-2
desperate;-2
rifts;-2
humane;-2
irrefutable;-2
luckiest;-2
outrageousness;-2
nightmare;-2
horribly;-2
thumb;-1
beautify;-2
correctly;-2
horrible;-2
sabotage;-2
sorely;-2
importance;-1
interfere;-1
bemoan;-2
efficiency;-1
merry;-2
approval;-1
precious;-2
mulish;-2
haughty;-2
undetermined;-1
inundate;-2
diligent;-1
monstrously;-2
nauseate;-1
admit;-2
inessential;-2
go-ahead;-1
sumptuousness;-2
supreme;-2
distinguish;-1
maximize;-2
cynicism;-2
cohere;-1
lawbreaking;-2
quit;-1
disintegrate;-1
inertia;-1
frenetically;-2
immense;0
slowly;-1
treat;-1
fibber;-2
shameless;-2
novel;-2
intimidate;-1
pandemonium;-2
harden;-1
inaccurately;-2
grossly;-2
hearten;-2
ominously;-2
odder;-2
sensitive;-1
blasphemous;-2
calamitous;-2
strange;-2
eclectic;-2
fanatics;-2
hardliner;-1
unconventional;-1
reactionary;-2
impeccably;-2
rightfully;-2
eccentric;-1
prodigiously;-2
fierce;-1
impeccable;-2
endearing;-2
destruction;-1
rift;-2
scarcely;-2
distraughtness;-2
intercede;-1
glower;-2
well;-1
insurmountably;-1
nebulous;-2
rife;-2
insurmountable;-1
risk-free;-1
draconian;-2
restore;-1
underdog;-2
enormously;-2
ill-tempered;-2
discord;-2
increasingly;0
accurate;-1
mistakes;-2
inefficacy;-2
skill;-1
reaffirmation;-1
run-down;-2
indignation;-2
kick;-2
definitive;-1
ample;-1
livid;-2
historic;-1
burden;-2
immediately;0
amply;-1
prominent;-1
loss;-1
gallantly;-2
necessary;-1
lost;-1
lose;-1
adversity;-2
glare;-2
motive;0
vociferous;-2
liking;-2
leery;-2
helplessness;-1
broad;-1
traumatic;-2
appreciative;-2
rewarding;-2
humorously;-2
hinder;-2
inaccurate;-2
startling;-2
poignant;-2
imperfectly;-1
offset;-1
misrepresentation;-2
refuge;-2
inexpiable;-2
freedom;-1
sinister;-2
compatible;-1
maladjustment;-2
arrogantly;-2
eloquently;-2
lovable;-2
articulate;-2
secretive;-1
pointless;-1
doubtless;-2
rejoice;-2
impatience;-2
imperial;-1
delusions;-2
crushing;-1
elate;-1
treacherous;-1
hazardous;-1
jubilation;-2
gain;-1
hm;0
exaltingly;-2
yelp;-2
grieve;-2
scoffingly;-2
accommodative;-1
cruel;-2
limit;-1
diligently;-1
reservations;-1
universal;-1
carefree;-2
twist;-2
rumors;-2
infatuated;0
offensive;-1
spellbinding;-2
misconceptions;-2
blameworthy;-2
star;-2
ecstatic;-2
inescapable;-2
inescapably;-2
dragoon;-2
immoderately;-2
stab;-1
animosity;-2
else;0
friends;-1
titillate;-1
persistent;-1
disconsolation;-2
unsteadily;-1
pardon;-2
dissolution;-1
dynamic;-1
plenary;0
obstruction;-1
protest;-2
astray;-1
perverted;-2
scheming;-2
battleground;-2
offenses;-2
unfeeling;-2
sagely;-2
seriously;-2
sorry;-2
slow-moving;-1
rescue;-1
appal;-2
destitution;-2
void;-1
misunderstanding;-2
smack;-2
affect;0
courageous;-2
vast;-1
deplorably;-2
timidness;-2
frozen;-1
irrationally;-2
enhance;-1
deplorable;-2
force;-1
tenuous;-1
crave;-2
subordinate;-1
dumbfound;-2
even;-1
gawky;-2
inelegance;-2
ignominiously;-2
desirous;-2
hatefully;-2
hazy;-1
unskilled;-1
sunder;-2
reverently;-2
undisputed;-1
maverick;-2
harbors;-1
repugnance;-2
deadbeat;-2
weirdly;-2
refinement;-1
active;-1
inefficiently;-1
harass;-1
superstitious;-2
exacting;-1
lucrative;-1
suitable;-1
adolescents;0
intrigue;0
astute;-2
eyebrows;0
fantastic;-2
plea;-1
dehumanize;-2
objectively;-1
undesirable;-2
moral;-2
calm;-1
recommend;-2
survive;-1
leaky;-1
wary;-2
demon;-2
expose;-1
warp;-1
disruption;-2
warm;-1
frenzy;-2
confound;-1
rights;-1
somber;-2
frantic;-2
assent;-2
lure;-2
degenerate;-2
untruthful;-2
cursory;-1
loathe;-2
invidiousness;-2
adventurism;-2
amazing;-2
salivate;-1
faulty;-1
quibble;-2
disconsolately;-2
indignity;-2
loyalty;-2
misfit;-2
ambivalent;-2
longingly;-2
think;0
fictitious;-2
remorseful;-2
uninsured;-1
inconclusive;-1
impossiblity;-1
intimidatingly;-2
despondently;-2
responsive;-1
partisans;-2
wickedness;-2
pleasurably;-2
alluringly;-2
better;-1
stalemate;-2
overcome;-2
imperturbable;-2
weakness;-2
intimidation;-1
indulge;-2
downright;0
rhetoric;-1
break-point;-2
brightness;-1
exaggerate;-2
mistrust;-2
superficiality;-2
unnoticed;-1
unpleasantries;-2
loneliness;-2
lofty;-2
improvise;-2
durability;-1
overbearingly;-2
caustic;-2
principled;-1
contend;-2
unbound;-1
restricted;-1
oppressors;-2
revolting;-2
content;-1
adhesion;-1
easiness;-1
surprise;0
sluggish;-1
instigate;-2
whiff;0
revenge;-2
struggle;-2
abate;-1
entrap;-2
warmhearted;-2
attune;-1
heckle;-2
impede;-2
enraged;-2
rapturously;-2
reassure;-2
warped;-1
deplete;-1
downside;-2
immensely;0
masterfully;-2
nastiness;-2
discompose;-1
debase;-2
dumbfounded;-2
twisted;-2
enthral;-2
brainwash;-2
lovelorn;-2
horrendously;-2
worsen;-2
peculiar;-2
symptom;-1
congratulatory;-2
anxiety;-2
FALSE;-2
affront;-2
bitterness;-2
well-positioned;-1
pleadingly;0
persuade;-2
silly;-2
deserving;-2
divisiveness;-2
hallucination;-2
far-fetched;-2
fathomless;-2
quench;-1
modern;-1
mind;-1
all-time;0
seem;0
grind;-2
horde;-1
impotent;-2
fitting;-2
demoralizing;-2
worsening;-2
inconsistence;-2
chatterbox;-2
exonerate;-2
treasonous;-2
alarm;-1
impudently;-2
self-destructive;-2
digress;-2
definitely;-1
principle;-1
annoyed;-2
urgency;-2
discontent;-2
hunger;-2
rapture;-2
brutalities;-2
brilliance;-1
uneasiness;-2
discourteous;-2
incoherently;-2
capitulate;-1
acquit;-1
undignified;-2
undoubtedly;-2
dissolute;-2
cripple;-2
brimstone;-2
dismayingly;-2
hoard;-2
set-up;-2
colorful;-1
rejoicing;-2
endorse;-2
slanderous;-2
smug;-2
bar;-1
broken-hearted;-2
stooges;-2
illegitimate;-1
depressed;-2
bad;-2
enchant;-2
attest;-2
unworthy;-2
fascinating;-2
prophesy;0
blameless;-2
winnable;-2
allure;-2
mournfully;-2
inappropriate;-2
insolently;-2
artificial;-1
tantamount;0
disprove;-2
tolerance;-2
lethargic;-1
enrapt;-2
gems;-1
lazy;-2
obsessiveness;-2
weary;-1
upfront;-1
witty;-2
disorderly;-1
resistant;-1
against;-1
pertinacious;-2
distinction;-1
contribution;-1
overstatements;-2
presumably;0
exemplary;-2
incessant;-2
awesomely;-2
lowly;-2
unlamentably;-2
riled;-2
ingrate;-2
futility;-2
tiny;-1
detrimental;-2
interest;-1
basic;-1
lovely;-2
unlamentable;-2
idol;-2
wheedle;-2
prosperous;-1
suppress;-1
chum;-1
disgruntle;-2
decrepit;-2
lunaticism;-2
unpopular;-2
sly;-2
affirm;-2
ugly;-2
neat;-1
imperatively;0
mangle;-2
pessimistic;-2
discriminatingly;-1
teasingly;-2
shame;-2
lugubrious;-2
jest;-2
amour;-2
sever;-1
constitutions;0
growl;-2
shimmering;-2
uproarously;-2
contaminate;-1
advocate;-2
opulent;-2
delight;-2
renaissance;-2
supposing;0
jealous;-2
overt;0
opportunity;-2
kid;-2
enthusiastically;-2
failing;-2
berate;-2
mockeries;-2
just;-1
wasteful;-1
unfair;-2
personages;-1
facts;0
yep;-2
yes;-2
impending;-2
agile;-1
wretch;-2
affinity;-1
involuntary;-1
perfunctory;-2
auspicious;-2
discreet;-1
dreamy;-1
affability;-1
dreams;-1
vanity;-1
dignity;-2
blinding;-2
unnecessary;-1
disillusioned;-2
flabbergasted;-2
notorious;-2
maltreatment;-2
incisively;-2
squander;-2
deal;-1
repudiate;-2
deaf;-1
dead;-1
revel;-2
dear;-2
amiable;-2
strife;-2
uproar;-2
outspoken;0
aggravation;-2
flounder;-2
bold;-2
plot;-2
burn;-2
humanists;-1
confrontation;-2
super;-2
empowerment;-1
innuendo;-2
cliche;-2
motivate;-2
down;-1
lies;-2
overkill;-2
refined;-1
annoyance;-2
amazingly;-2
ill-sorted;-2
illustrious;-2
misbecome;-2
victorious;-1
counterproductive;-2
embroil;-2
lurid;-2
starve;-1
immorality;-2
failure;-1
powerfully;-1
prettily;-2
blindness;-1
surrender;-1
atrocities;-2
surprising;0
invidiously;-2
afflictive;-2
horrifying;-2
propaganda;-2
ingenuously;-2
classic;-1
covert;0
sticky;-1
cure-all;-2
revitalize;-1
mediocre;-2
graft;-1
oversimplification;-1
discriminate;-1
polarisation;-2
authoritative;-1
disaccord;-2
excel;-2
willful;-2
maledict;-2
tardy;-1
clear-cut;-2
felt;0
partiality;-2
trepidation;-2
fell;-2
fruitlessly;-2
magnificence;-2
covetously;0
inimically;-2
pertinaciously;-2
luckier;-2
overdue;-2
befriend;-2
revoke;-1
relieve;-1
vestiges;-2
mild;-1
abundant;-1
resourceful;-2
misread;-2
suicide;-1
deceitful;-2
educable;-1
swoon;-1
sufferer;-2
disgusting;-2
amaze;-2
finally;0
unpleasant;-2
sovereignty;0
friction;-2
uneventful;-1
pious;-2
dim;-1
din;-1
err;-2
excellency;-2
dig;-1
bright;-1
excellence;-2
grimace;-2
olympic;0
unexpected;-1
ill-conceived;-2
sneakily;-1
inconsequential;-2
inconsiderately;-2
bombardment;-2
favour;-2
reunite;-1
suspect;-1
drunkard;-2
unrestricted;-1
dishonestly;-2
extemporize;0
wail;-2
guardian;-1
involuntarily;-1
loathly;-2
superstition;-2
detest;-2
ingenuous;-2
congestion;-1
deceit;-2
oversimplify;-1
exploitation;-2
drab;-2
tolerantly;-2
draconic;-2
conveniently;-2
breathtaking;-2
insolent;-2
merely;-2
discontentedly;-2
hardier;-2
radiance;-2
surmount;-2
sympathetic;-2
intensively;0
licentious;-2
distraughtly;-2
joyous;-2
swagger;-2
travesty;-2
adoringly;-2
acceptable;-1
insultingly;-2
rigid;-1
demolish;-1
deformed;-1
hubris;-2
impel;-2
sour;-1
growing;0
cost-saving;-1
crazy;-2
grouchy;-2
confused;-2
overzealous;-2
disbelieve;-2
battered;-1
craze;-2
accordantly;-1
inundated;-2
pine;-2
strikingly;-2
scornfully;-2
pure;-1
swore;-2
irreverent;-2
sworn;-2
mar;-2
critics;-2
praiseworthy;-2
sustainability;-1
mad;-2
destructive;-2
infallibility;-2
aimless;-2
farce;-2
maybe;0
purify;-1
fluent;-1
thorny;-2
deceive;-2
imprecision;-1
tall;0
bungle;-2
cute;-2
fatuity;-2
shaky;-1
wishing;-2
stability;-1
spookier;-2
shake;-1
irresolute;-2
incoherence;-2
interesting;-2
unacceptablely;-2
views;0
killer;-1
shatter;-2
sarcastic;-2
stubbornness;-2
aspirations;-2
feverish;-1
truthful;-2
misgivings;-2
careless;-2
abnormal;-1
richly;-2
preaching;-2
aloof;-2
vociferously;-2
impurity;-2
interference;-1
imperative;0
dominate;-1
correct;-1
assurance;-1
inaction;-1
monster;-2
self-determination;-2
hefty;0
miscreants;-2
dehumanization;-2
sensationally;-2
invalidity;-2
desultory;-2
assuredly;-2
frequent;0
dungeons;-2
scandalized;-2
long;-2
quasi-ally;-2
incompetently;-2
little;-2
thoughtless;-2
murky;-1
autocrat;-2
lambaste;-2
fiery;-1
daunt;-2
bloodshed;-2
gaudy;-2
inefficient;-1
continuous;0
accurately;-1
cleanse;-1
raptureous;-2
doddering;-2
full-fledged;-1
gigantic;0
capsize;-1
kingmaker;-2
tantalize;-1
improbability;-2
hard-hit;-1
dash;-1
incontestable;-2
conspiracy;-1
sulk;-2
inadverent;-1
glibly;-2
efficient;-1
isolate;-1
acumen;-2
potential;-1
pain;-1
normal;-1
insanity;-2
assault;-1
complaints;-2
supremely;-2
well-intentioned;-2
hardships;-2
conspicuous;-2
especially;-2
incisive;-2
gracefully;-2
pernicious;-2
massacres;-2
scowl;-2
iniquitous;-2
precise;-1
show;0
disunity;-2
elevate;-1
hardhearted;-2
enthusiast;-2
specifically;0
despairingly;-2
stormy;-1
treasure;-2
impunity;-1
black;-1
incredulous;-2
disconcerting;-2
enthusiasm;-2
awareness;0
exaggeration;-2
hostage;-1
unimportant;-2
lionhearted;-2
distinctly;0
gibber;-2
unethical;-2
gem;-1
beseech;-2
sickly;-2
stupid;-2
worrying;-2
kook;-2
lethargy;-1
honesty;-2
fatefully;-2
stigma;-2
wonder;-2
full-blown;-1
satisfying;-1
steadfast;-2
enough;0
gaga;-2
vindictively;-2
oversized;-1
affordable;-1
legitimacy;-1
self-humiliation;-2
dissidence;-2
gratefully;-2
skittishly;-2
inanely;-2
fulminate;-2
indelicate;-2
disappointment;-2
cognizance;0
delirium;-2
laudably;-2
cancer;-1
spank;-2
accusation;-2
importunate;-2
mortification;-2
laudable;-2
sensible;-2
intrude;-2
caricature;-2
corrective;0
capable;-1
dependable;-1
capably;-1
sensibly;-2
educated;-1
devilish;-2
workable;-2
squash;-2
whips;-2
dramatic;0
sound;-1
predicament;-2
invigorate;-1
unorthodoxy;-2
promising;-2
huckster;-2
sincere;-2
strain;-1
pressing;-2
obnoxious;-2
abhors;-2
sarcastically;-2
harsh;-2
regardlessly;0
sketchy;-1
heartbreak;-2
arguments;-1
deference;-2
pan;-1
dishonorable;-2
exhaust;-1
safe;-1
admonishingly;-2
break;-1
drain;-2
slanders;-2
intermittent;-1
oppositions;-2
substantive;-1
stunted;-1
accountable;-1
amazed;-2
parody;-2
malicious;-2
fume;-2
mannerly;-2
reputable;-1
stun;-1
adulterated;-2
astonishment;-2
grating;-2
eviscerate;-2
extensive;0
grit;-2
stinking;-2
inhibition;-1
disadvantageous;-2
implicate;-1
disappointed;-2
grim;-2
grin;-2
distrustful;-2
paupers;-2
indisputable;-2
gratifyingly;-2
miraculous;-2
voluntarily;-1
passionate;-2
hysterics;-2
obsessions;-2
erase;-1
lackeys;-2
booming;-1
herald;-2
attractively;-2
extensively;0
critical;-2
gladden;-2
moderate;-2
knife;-1
apocalyptic;-2
egocentric;-2
reasonable;-1
obliged;-2
notable;-2
unusual;-1
despicably;-2
notably;-2
despicable;-2
dastardly;-2
squarely;-2
tease;-1
smear;-1
practical;-1
demonic;-2
knave;-2
fallacy;-2
fertile;-1
bountiful;-2
unnerved;-2
featly;-2
multi-polarization;-2
totalitarian;-1
brute;-2
madder;-2
compliant;-2
galvanize;0
decisive;-1
hysterical;-2
downer;-2
fanatic;-2
proportionately;0
unsettled;-1
sophisticated;-2
unhappiness;-2
shroud;-2
ineloquent;-2
belated;-1
annihilate;-2
disturbed-let;-2
grudging;-2
exemplar;-2
hilarity;-2
eschew;-2
grouch;-2
deadlock;-2
powerless;-1
affection;-2
deep;-1
imagination;0
deterrent;-1
casualty;-1
tedious;-2
selfish;-2
goddam;-2
floored;-2
repent;-2
unaccustomed;-1
victimize;-2
fruitless;-2
shelter;-1
important;-1
equitable;-1
prudent;-2
conclusive;-1
pitifully;-2
grudge;-2
consternation;-2
recklessness;-2
refutation;-2
needful;0
liar;-2
forget;-2
vile;-2
forbidden;-2
wrestle;-1
forged;-1
cooperative;-1
expressions;0
reluctant;-1
hideous;-2
premium;-1
straightforward;-2
righten;-2
plausibility;-2
overdone;-2
fall;-1
difference;0
unilateralism;-2
elated;-2
benevolent;-2
celebrity;-1
enrapture;-1
portable;-1
affably;-1
pretence;-2
preposterous;-2
perspective;0
unthinkable;-2
further;0
affable;-2
misrepresent;-2
stood;-1
illogical;-2
sweetly;-1
short-lived;-1
exasperation;-2
judicious;-2
tribute;-2
everlasting;-2
falsify;-2
outgoing;-1
ingratiate;-2
beacon;-1
harridan;-2
stupor;-2
enmity;-2
misery;-2
narrow;-1
whimsical;-2
proscription;-2
prejudge;-2
cowardly;-2
re-conquest;-2
aptitude;-1
sanction;-2
readily;-1
distinct;-1
alarmingly;-2
furor;-2
jubilant;-2
hegemony;-1
staggering;-2
brisk;-1
apprehensions;-2
grisly;-2
particular;0
disfavor;-2
willfully;-2
frustratingly;-2
sillily;-2
dazed;-2
abandon;-1
stubborn;-2
shark;-2
gravely;-2
onslaught;-1
attain;-1
reproachful;-2
despot;-2
sharp;-1
needs;0
wisely;-2
awkward;-2
lousy;-2
needy;-1
comfort;-1
low-risk;-1
rapport;-2
sacred;-2
stir;0
inflationary;-1
uprising;-1
advice;-1
fast-growing;-1
blood;-1
bloom;-1
bleak;-2
usurper;-2
coax;-2
crowded;-1
spiteful;-2
crippling;-2
dispensable;-1
mislead;-2
wishes;-2
responsibility;-1
jeering;-2
pleasure;-2
egregiously;-2
displease;-2
swamped;-2
oblique;-1
deploring;-2
lewdly;-2
suffer;-1
prevaricate;-2
arrogant;-2
thrilling;-2
emaciated;-2
sensationalize;-2
famished;-2
misunderstandings;-2
impressiveness;-2
clamor;-1
bereft;-2
triumphantly;-2
goof;-2
good;-1
egotistically;-2
disrespectful;-2
primary;0
frigid;-1
unauthentic;-1
complain;-2
mystery;-2
restrict;-1
rant;-2
evade;-1
overacted;-2
arduously;-2
inordinately;-2
harboring;-1
exquisite;-2
forthright;0
harm;-2
hard;-1
idea;0
engaging;-2
muscle-flexing;-2
fist;-1
allusions;0
tenderness;-1
childish;-2
sickness;-1
discouraging;-2
dejectedly;-2
avenge;-2
fortitude;-2
tiresome;-2
evaluation;0
anti-Israeli;-2
disobedience;-2
bully;-2
pathetic;-2
stridently;-2
pleasant;-1
extraordinary;-2
proscriptions;-2
disposition;0
entrancing;-2
laughable;-2
covetingly;0
devilishly;-2
benefits;-1
omit;-1
audacity;-2
bragger;-2
irreverently;-2
perturb;-2
bullies;-2
barbarian;-2
humourous;-2
scandalously;-2
hatefulness;-2
fiction;-1
jabber;-2
disown;-2
precariously;-1
indulgent;-2
mercilessly;-2
revive;-1
least;-1
assumption;0
pains;-2
too;-1
uproarious;-2
mentality;0
sensation;-2
favorable;-2
gruesome;-2
believe;0
carnage;-2
savagery;-2
largely;0
spirited;-1
contrary;-2
supposed;-1
ambitiously;-1
forgetfully;-2
murder;-1
traumatically;-2
disgustful;-2
fading;-1
insufferably;-2
refute;-2
thrillingly;-2
deepening;-2
insufferable;-2
serene;-2
easygoing;-2
adulatory;-2
disconcerted;-2
most;0
charm;-2
significant;-1
extremely;-2
goodwill;-2
faithless;-2
charitable;-1
cramped;-1
particularly;0
sanctity;-2
malignant;-1
persuasively;-2
fine;-1
defiler;-2
giant;0
nervous;-2
ruin;-1
unhappy;-2
freedoms;-1
idiots;-2
spitefully;-2
convoluted;-2
credulous;-2
intractable;-1
prowess;-2
courage;-2
resolve;-1
rampage;-2
contagious;-1
lividly;-2
tale;0
unfettered;-2
condemnation;-2
cynical;-2
arouse;-2
manly;-2
tender;-1
excusable;-2
petrify;-2
cozy;-2
expert;-1
quarrellous;-2
myriad;-1
abrade;-1
distraught;-2
complement;-1
oppress;-2
figurehead;-1
trustingly;-2
incommensurate;-2
irreverence;-2
egotism;-2
defunct;-2
indiscriminately;-2
carelessness;-2
quarrelsome;-2
spiritless;-2
entrenchment;0
consume;-1
point;0
dwindle;-1
smother;-2
simply;0
unsuccessful;-1
openness;-1
civilize;-1
expensive;-1
patiently;-2
apostle;-2
appall;-2
faithfully;-2
intrusive;-2
ineptitude;-2
enchantingly;-2
cruelty;-2
dissension;-2
pricey;-1
understand;-2
fretful;-2
rupture;-1
solid;-1
tolerate;-1
fun;-2
shoddy;-2
heroically;-2
violently;-1
perilously;-1
astound;-2
rancor;-2
debaser;-2
stubbornly;-2
enervate;-2
dishonor;-2
butcher;-1
benign;-1
bristle;-2
lenient;-1
contravene;-2
itch;-2
appreciable;-1
timid;-2
celebratory;-2
unconfirmed;-1
gestures;0
motionless;-1
commendable;-2
craven;-2
scummy;-2
toil;-2
recant;-2
preference;-2
alluring;-2
vindictive;-2
ludicrous;-2
profoundly;-2
distracting;-2
openly;-1
thorough;-1
shrewdly;-2
irritable;-2
dishonesty;-2
impetus;-1
cut;-1
studious;-2
dare;-2
impoverished;-1
excited;-2
hater;-2
ridiculously;-2
big;0
displace;-1
judgement;0
redeem;-2
stirringly;-2
terrorize;-2
knock;-1
blemish;-1
miff;-1
immorally;-2
indication;0
mediocrity;-2
foolish;-2
transgress;-1
absolutely;0
extremism;-1
magnificent;-2
back;-1
impeach;-2
euphorically;-2
extremist;-1
insincere;-2
defamation;-2
proficient;-2
eliminate;-1
lark;-2
best-performing;-2
epic;-2
commentator;0
dismally;-2
inimical;-2
patient;-1
taxing;-1
wayward;-2
peculiarly;-2
restrictive;-1
hawkish;-2
seriousness;-2
constraint;-1
inhumanity;-2
conciliatory;-2
drama;-2
shrewdness;-2
consequently;0
abusive;-2
inhospitable;-2
obscenely;-2
delusional;-2
calming;-2
afflict;-1
batons;0
overpower;-1
infected;-1
gaggle;-2
errant;-1
opponent;-2
frenzied;-2
cloud;-2
hopes;-2
discomfit;-2
rejection;-2
halfhearted;-2
aversion;-2
autonomous;-1
groove;-1
skittish;-2
repulse;-1
curt;-1
inexpertly;-1
demeaning;-2
deprive;-2
revelatory;0
obtuse;-2
cackle;-2
adoring;-2
cohesive;-1
excuses;-1
revulsive;-2
assassinate;-1
accidental;-1
gross;-1
prepared;-1
restoration;-1
fervently;-2
phenomenally;-2
gloatingly;-2
steadfastly;-2
downcast;-2
admiring;-2
failures;-1
enrichment;-1
traitorously;-2
dogged;-2
wrangle;-2
fascinatingly;-2
intricate;-1
vicious;-2
disintegration;-1
unfaithful;-2
suave;-2
intensive;0
enlightenment;-1
nervousness;-2
implausibly;-2
morality;-2
perversely;-2
startlingly;-2
accuse;-2
implausible;-2
subservient;-2
entire;0
mesmerizing;-2
iniquity;-2
shock;-2
tenuously;-1
insubordinate;-1
choppy;-1
uncomfortable;-1
overtaxed;-1
lower-priced;-1
depression;-1
reconciliation;-1
pittance;-2
zest;-2
pleading;0
justification;-2
embroilment;-2
repudiation;-2
nonexistent;-1
nimble;-2
licentiousness;-2
dissuade;-2
discouragingly;-2
irritating;-2
painfully;-1
forgetfulness;-2
remark;0
talent;-2
conceit;-2
contradiction;-2
honor;-2
abominate;-2
limp;-2
extravagance;-2
decrease;-1
scandal;-1
absurdness;-2
dissonance;-2
abhorrently;-2
belittling;-2
seamless;-2
demoralizingly;-2
little-known;-2
disgustingly;-2
dispirited;-2
excitedly;-2
endurable;-2
pro-Cuba;-2
malevolently;-2
insufficiency;-1
deviousness;-2
ashamed;-2
eccentricity;-1
enviously;-2
nightmarishly;-2
unscrupulously;-2
inclinations;-2
jeers;-2
ebullience;-2
gruff;-2
exhilaration;-2
obvious;0
praise;-2
rehabilitation;-1
immoderate;-2
effectively;0
languorously;-2
fulfillment;-1
recklessly;-2
exorbitantly;-2
contempt;-2
magnificently;-2
daring;-2
lame;-1
pleasing;-2
winners;-2
gainfully;-2
villainously;-2
incompetence;-2
impenitent;-2
entreatingly;-2
ambiguous;-2
lecher;-2
surging;-2
regally;-2
tamper;-1
furious;-2
addiction;-1
ignite;0
embarrassingly;-2
resurgent;-1
languorous;-2
disarm;-1
flattering;-2
dissocial;-2
fortunate;-2
mordantly;-2
industrious;-1
inarguable;0
flawed;-1
blatant;-2
stances;0
inarguably;0
criminal;-1
acridly;-2
lunatic;-2
muddle;-1
denigrate;-2
unworkable;-2
kindness;-2
squabbling;-2
torridly;-2
thrill;-2
estranged;-2
immoral;-2
radiant;-2
irrelevance;-2
sneering;-2
virulent;-2
disregard;-2
monumentally;-2
licentiously;-2
cliched;-2
flair;-1
thwart;-2
defend;-1
repress;-1
invective;-2
lecture;-1
fondly;-2
solicitously;-2
venerate;-1
frank;-2
pacifist;-2
hanker;-2
upbraid;-2
delinquency;-1
likelihood;0
bleed;-1
dissatisfactory;-2
peeve;-2
deprived;-2
abuse;-2
grieving;-2
facilitate;-1
madden;-2
puppet;-2
pauper;-2
frazzle;-2
sadly;-2
vulgar;-2
unspecified;-1
realistically;-2
immovable;-2
lamentably;-2
scant;-1
ferocity;-2
inestimably;-2
agonies;-2
smolder;-2
writhe;-1
dreary;-2
absent-minded;-2
reaffirm;-1
glamorous;-2
slack;-1
brusque;-2
spookiest;-2
calamity;-2
halcyon;-2
propagandize;-2
lover;-2
imaginative;-2
neutralize;-1
tidy;-2
comfortable;-1
comfortably;-1
pitiable;-2
unlikely;-1
sporadic;-1
apparently;0
skillful;-2
concerns;-2
effusiveness;-2
autocratic;-2
savages;-2
bemused;-2
savaged;-2
prisoner;-1
hoodwink;-2
inexorable;-2
downbeat;-2
heartening;-2
enthusiastic;-2
disease;-1
absurd;-2
anti-American;-2
contemptuous;-2
inexorably;-2
deject;-2
overachiever;-2
vengefulness;-2
elimination;-1
traitor;-2
slanderer;-2
rebuke;-2
sidetrack;-2
incorruptible;-2
inspiring;-2
knowledge;0
madman;-2
ambiguity;-2
tainted;-2
handsome;-2
inferior;-2
delirious;-2
perfection;-2
unjustified;-1
romantic;-2
fixer;0
defame;-2
amiabily;-2
predatory;-1
omission;-1
showdown;-1
infidel;-2
yearning;-2
anti-US;-2
inexplainable;-2
enhanced;-1
precautions;-2
vilify;-2
imposition;-2
reform;-1
literate;-1
difficulties;-1
derisively;-2
progress;-1
tediously;-2
smilingly;-2
sorrow;-1
grumble;-2
regretful;-2
calamitously;-2
innumerous;0
enflame;-2
exclaim;-2
empathy;-2
sharply;-1
asunder;-2
joke;-2
assure;-2
insidious;-2
glorious;-2
comment;0
paranoid;-2
inflammatory;-2
invasive;-1
commend;-2
recompense;-1
laugh;-2
monstrosity;-2
flourishing;-2
instigators;-2
fright;-2
electrify;-1
muddy;-1
invigorating;-2
seasoned;-1
easiest;-1
upbeat;-2
anomaly;-1
perplexed;-2
overwhelmingly;-2
dispiritedly;-2
tenderly;-1
tense;-1
bull;-1
assessments;0
imbalance;-2
remorsefully;-2
plain;-1
appearance;0
promoter;-2
wonderously;-2
advisable;-1
frustrating;-2
amenity;-1
likable;-2
bicker;-2
chaotic;-2
dissent;-2
delusion;-2
aggressiveness;-2
regression;-1
eulogize;-2
defiant;-2
sugar-coated;-2
infer;0
frivolous;-2
garish;-2
judgment;0
besmirch;-2
retard;-1
nevertheless;0
chastisement;-2
disoriented;-2
thought;0
exceedingly;-2
illusory;-2
position;0
raving;-2
intransigence;-2
inveigle;-2
surpass;-2
nurturing;-2
soliloquize;0
hypocritically;-2
onward;-1
stressfully;-2
ought;0
resolved;-1
miscalculate;-1
thoughtlessly;-2
punctual;-2
displaced;-1
like;-2
success;-1
vibrant;-2
laconic;-2
bafflement;-2
lucidly;-2
accessible;-1
crazily;-2
hail;-2
recommendation;-2
proper;-1
supportive;-2
stuffy;-2
shrug;-1
discretion;-1
economical;-1
hysterically;-2
ironies;-2
slight;-1
combative;-1
stellar;-2
expire;-2
although;-1
hospitable;-2
misbecoming;-2
noisy;-1
inconsiderate;-2
actual;0
smartly;-2
legendary;-1
flake;-1
flaky;-1
obnoxiously;-2
baseless;-2
faithfulness;-2
obliterated;-2
functional;-1
chronic;-1
cancerous;-1
esteem;-2
fastest-growing;-1
buckle;-1
adversarial;-1
stimulative;-1
glimmer;-2
glib;-2
tricky;-2
amity;-1
plague;-1
bum;-1
contemptuously;-2
bug;-1
versatile;-1
neurotically;-2
wise;-2
glory;-2
dangerous;-1
jealousness;-2
excruciatingly;-2
penetrating;-2
maliciously;-2
crusade;-2
mysteriously;-2
uttermost;-2
puzzlement;-2
insupportable;-2
wallow;-1
gloriously;-2
insupportably;-2
prevalent;0
entreat;-2
limited;-1
disarray;-2
legacies;0
sleek;-1
hate;-2
inexpert;-1
poorly;-2
violate;-2
unbearablely;-2
agitator;-2
rankle;-2
tenacity;-2
pride;-2
divergent;-1
conjecture;0
struck;-1
risk;-1
despondency;-2
lurk;-2
gratification;-2
despondence;-2
vastly;-1
anemic;-1
ovation;-2
harried;-2
flashy;-1
delightfully;-2
enjoy;-1
veritable;-2
overdo;-2
reprehension;-2
consistent;-1
welfare;-1
direct;0
scrutinize;0
fabulous;-2
emptiness;-2
expressive;-1
strangest;-2
solemn;-1
poison;-2
undaunted;-2
insinuate;-2
mischievous;-2
blur;-1
non-violence;-1
prate;-2
ultimatums;-2
ulterior;-2
feisty;-2
smuttiest;-2
humility;-2
orthodoxy;0
hideously;-2
ridicule;-2
mentor;-1
displeasing;-2
loveless;-2
feelings;0
patience;-2
would;0
unfunded;-1
asset;-1
incautious;-2
assessment;0
slaughtered;-1
blather;-2
barbarous;-2
naive;-2
phony;-2
grief;-2
ardently;-2
excellent;-2
diatribes;-2
outdated;-1
must;0
abundance;-1
mm;0
tremendously;-2
advocacy;-2
fortress;0
quarrel;-2
defile;-2
ingenuity;-2
guarantee;-1
collude;-2
scolding;-2
bunk;-1
vagrant;-2
accusations;-2
toxic;-1
infamously;-2
widespread;-1
actuality;0
swiftness;-1
badly;-2
brutalizing;-2
mess;-2
breathlessness;-2
delicacy;-1
astoundingly;-2
uproot;-1
splendid;-2
upside;-2
ultimate;-2
decreasing;-1
unsteady;-1
deform;-1
fiendish;-2
outshine;-2
strangle;-1
undid;-1
destroyer;-2
hypocrisy;-2
polluters;-2
comprehend;0
tramp;-2
entranced;-2
compelling;-2
stifling;-2
smouldering;-2
litigious;-2
vouchsafe;-2
powerful;-1
misdirection;-2
diseased;-1
unsupported;-1
disreputable;-2
gloom;-2
shadowy;-1
explode;-1
frantically;-2
capricious;-2
victory;-1
elatedly;-2
irregardless;0
prohibit;-1
wariness;-2
insufficiently;-1
dispiriting;-2
unexplained;-1
truant;-1
depress;-1
fraught;-2
unabashed;-2
heavenly;-2
independence;-1
bitingly;-2
eternal;-1
free;-1
masterpiece;-2
supurbly;-2
disregardful;-2
fret;-2
inexpensive;-1
tolerant;-1
heck;-2
hopeless;-2
aspire;-2
key;0
dunce;-2
officious;-2
lovably;-2
encouraging;-2
rank;-2
bombard;-1
fantasy;-2
smugly;-2
sober;-1
traitorous;-2
slanderously;-2
withheld;-1
cheerless;-2
revival;-1
sarcasm;-2
top;-1
indeterminate;-1
euphoric;-2
euphoria;-2
overact;-2
wildly;-1
inconvenient;-2
militancy;-2
unbroken;-1
insightful;-2
reparation;-1
illiterate;-1
indiscreet;-2
villianous;-2
esoteric;-1
conspicuously;-2
embellish;-2
flimflam;-2
inarticulate;-2
mercifully;-2
frankly;0
bloated;-2
flame;-1
misinformed;-2
mirth;-2
forceful;-1
unrest;-2
rat;-1
affectation;-1
staggeringly;-2
spade;-2
relapse;-1
isolated;-1
elegance;-2
effectiveness;-1
propitious;-2
inexcusably;-2
though;0
visionary;-2
hypnotize;0
plenty;-2
unorthodox;-2
inexcusable;-2
glow;-2
constancy;-2
devastating;-2
interests;-1
orderly;-1
inaccuracies;-1
entertaining;-2
sanctuary;-2
bait;-2
inspire;-2
endear;-2
sage;-2
dupe;-2
queer;-1
spite;-2
abjure;-1
studiously;-2
disgust;-2
enslave;-2
hardball;-2
continuity;-1
anti-social;-2
hostility;-2
baffle;-2
ultimatum;-2
despite;-2
considerate;-2
overbearing;-2
get-rich;-2
subservience;-2
anxiously;-2
collusion;-2
idiotic;-2
plush;-2
boring;-2
fragrant;-2
wrest;-2
skeptically;-2
inapt;-2
desolately;-2
corrupt;-2
disturbing;-2
cartoonish;-2
accede;-2
immaculately;-2
temptation;-2
startle;-2
deceptively;-2
smutty;-2
hopefully;-2
mum;0
incomprehension;-2
adventuresome;-2
reiterate;0
confusion;-2
weak;-1
however;0
contort;-2
devout;-1
contamination;-1
blasted;-2
improve;-1
protect;-1
abasement;-2
irregular;-1
smartest;-2
fault;-2
precipitous;-2
disastrous;-2
hypocrites;-2
gainsayer;-2
escapade;-1
self-respect;-2
confide;0
epidemic;-1
majestic;-2
trust;-1
comical;-1
incomparable;-1
foully;-2
beneficiary;-2
confident;-2
miraculously;-2
incomparably;-1
overawe;-1
fleeting;-1
bereavement;-2
uncommon;-2
well-run;-2
terrible;-2
apprehension;-2
lessen;-1
inviolable;-2
tolerable;-2
lesser;-1
luxuriate;-1
subjugate;-2
provocative;-2
dazzled;-2
thusly;0
suggest;-1
wound;-1
utilitarian;-1
complex;-1
commonsense;-1
screw;-1
unyielding;-2
groundbreaking;-2
incredulously;-2
incapably;-2
gabble;-2
impediment;-2
greatest;-2
incapable;-2
admiringly;-2
arousing;-2
appease;-1
bruise;-1
thumbs;-1
thinkable;-2
enlighten;-1
tolerably;-2
overemphasize;-2
rumor;-2
pivotal;0
pitiful;-2
humanity;-1
erratically;-2
submissive;-1
salacious;-2
deprave;-2
incontrovertible;-2
befit;-2
advanced;-1
peeved;-2
excellently;-2
brutality;-2
zeal;-2
contradict;-2
gifted;-2
dishonest;-2
specific;0
informative;-1
splendor;-2
arbitrary;-2
superlative;-2
envision;-1
stereotype;-2
detraction;-1
successfully;-1
accost;-1
insincerely;-2
displeasure;-2
indirect;0
unsuspecting;-2
prejudicial;-2
icy;-1
intolerant;-2
fustigate;-2
hegemonistic;-2
staunchly;-2
idolized;-2
limitation;-1
choke;-1
trustworthy;-2
undocumented;-1
misleading;-2
ensure;-1
blabber;-2
primitive;-1
aha;0
anxiousness;-2
civil;-1
lavishly;-2
obscene;-2
uncontrolled;-1
accomplishments;-1
over-acted;-2
nuisance;-2
disinterest;-2
indispensable;-2
unpretentious;-2
simplistically;-2
questionable;-2
intolerance;-2
abysmal;-2
heal;-1
deny;-2
heinous;-2
illuminating;-2
ultra-hardline;-2
satisfactorily;-2
sustained;-1
humiliate;-2
admiration;-2
heartwarming;-2
high-powered;0
bargain;-2
adore;-2
panicky;-2
trim;-1
impropriety;-2
fury;-2
sinful;-2
suspicions;-2
ill-natured;-2
despotism;-2
acclaimed;-2
believable;-2
annoying;-2
injurious;-1
liberalism;-1
blatantly;-2
radically;-2
upheaval;-2
faithful;-2
stagnant;-1
complicit;-2
erosion;-1
eternity;-2
nuance;0
uniformly;-1
perversity;-2
scorchingly;-2
inklings;0
vigorously;-1
withhold;-1
serious;-2
intimacy;-2
backward;-2
premeditated;-2
hardheaded;-2
dispirit;-2
obviate;-2
adulteration;-2
remarkably;-2
rot;-1
empathize;-2
discern;0
remorselessness;-2
abhorrent;-2
quash;-2
weakening;-2
outmoded;-1
advantage;-1
exalted;-2
unfamiliar;-1
sloppy;-2
disquietude;-2
incitement;-1
ruthlessness;-2
one-side;-2
enthuse;-2
invidious;-2
encroach;-1
quick;0
better-than-expected;-2
invader;-1
obsolete;-1
comforting;-2
irritated;-2
distaste;-2
stressful;-2
stands;0
deluded;-2
debate;-2
entertain;-1
angriness;-2
noticeable;-1
healthy;-1
guilty;-1
law-abiding;-2
denunciation;-2
weird;-2
gorgeously;-2
humour;-2
erudite;-2
pessimistically;-2
brighten;-1
paralyzed;-1
crisis;-1
positiveness;-2
vivid;-2
confounded;-1
ravage;-2
upheld;-2
unwarranted;-2
dismay;-2
bombastic;-2
neglected;-2
downhearted;-2
dismal;-2
misreading;-2
insights;0
degradingly;-2
unruly;-2
batty;-2
laughter;-2
unconditional;-1
deservedly;-2
trump;-2
downfall;-2
inexperience;-1
critic;-2
provoke;-2
intelligible;-2
eloquent;-2
innumerable;0
1;0
innumerably;0
infringements;-2
vital;-2
endorsement;-2
genocide;-2
unbelievable;-2
paramount;-2
irrational;-2
impartial;-1
scoff;-2
dazzle;-2
fascism;-2
heartbreaking;-2
inconsequentially;-2
renovation;-1
unbelievably;-2
disheartening;-2
direness;-2
stupidly;-2
amuse;-2
sermonize;-2
purification;-1
infidels;-2
impartially;-1
exclusive;-1
accolades;-2
pre-eminent;-1
pugnacity;-2
paradoxically;-2
abhorred;-2
low-cost;-1
unsettlingly;-2
endless;-1
loophole;-2
puzzle;-2
lonely;-2
condescendingly;-2
devastated;-2
qualified;-1
conquer;-1
vexingly;-2
equality;-1
stabilize;-1
realist;-2
realistic;-2
finely;-2
subjection;-1
wearisome;-2
nettlesome;-2
ailment;-1
inopportune;-2
tumultuous;-1
obsession;-2
hysteric;-2
hysteria;-2
ultimately;-2
concur;-2
infuriated;-2
profit;-1
inadequacy;-1
bless;-2
maneuver;-1
oasis;-2
skillfully;-2
hobble;-1
nightmarish;-2
delude;-2
invaluablely;-2
impose;-2
gusto;-2
best-known;-2
brutalize;-2
spectacularly;-2
feign;-1
incongruous;-2
awfully;-2
clumsy;-2
simplified;-1
disinterested;-2
necessarily;-1
haggle;-2
fortuitous;-2
persecute;-2
white;-1
hug;-2
despoiler;-2
indoctrinate;-2
hurtful;-1
refuse;-2
alas;-2
mawkishly;-2
ill-advised;-2
petrified;-2
bewitch;-2
tawdry;-2
diplomatic;-1
usefulness;-1
poeticize;-2
pro;-1
blunder;-2
pry;-1
prosperity;-1
astonishingly;-2
ideal;-2
fracture;-1
blunt;-2
urge;-2
commonplace;-1
selfinterested;-2
agilely;-1
impulsively;-2
indelible;-2
betrayal;-2
clearer;-2
remunerate;-2
boiling;-2
indelibly;-2
proud;-2
unwisely;-2
hungry;-1
coveting;0
drastically;-2
cheat;-2
allegations;-2
painlessly;-1
hustler;-1
favor;-2
shimmer;-2
crime;-1
well-wishers;-2
fickle;-2
explicitly;-2
deign;-2
luxuriant;-2
heartfelt;-2
lighten;-1
begging;-2
expectation;0
hedge;-2
treachery;-2
cautionary;-2
reveal;0
pinnacle;-2
obliterate;-2
impolite;-2
joker;-2
barbaric;-2
unlicensed;-1
imposing;-1
uneconomical;-1
trick;-2
slashing;-2
underpaid;-1
voluntary;-1
crooked;-2
definite;-1
belittled;-2
ineloquently;-2
untrustworthy;-2
recourses;-1
rumours;-2
fearless;-2
disrespectfully;-2
disdainful;-2
floundering;-2
unusually;-2
harshly;-2
indiscriminate;-2
reaction;0
murderously;-1
quiet;0
duty;0
provocation;-2
insist;-2
resentment;-2
satisfaction;-2
pundits;-2
assertions;-2
decide;0
bizarre;-2
skeletons;-2
runaway;-2
scandalous;-2
lame-duck;-2
stylishly;-2
peaceful;-1
confessions;-2
hardly;-2
enraptured;-2
commonsensical;-1
exasperate;-2
blessing;-2
wretched;-2
adeptly;-1
mocking;-2
minister;-1
above-average;-1
careful;-1
irrelevant;-2
spirit;-1
unsatisfactory;-1
crusader;-2
palliate;-2
appreciativeness;-2
contrive;-2
dissident;-2
inconsequently;-2
ironic;-2
treacherously;-1
resentful;-2
erroneously;-2
breathtakingly;-2
levity;-2
agitated;-2
mockery;-2
applaud;-2
refusal;-1
lambast;-2
disadvantaged;-1
devoid;-2
delicate;-1
unqualified;-2
weep;-1
cartoon;-1
longing;-2
purposeful;-2
delectable;-2
magical;-2
melodramatic;-2
relief;-2
inability;-1
offensively;-2
flakey;-1
justify;-2
clog;-1
unconstitutional;-1
lavish;-2
violent;-1
pariah;-2
kill;-1
perilous;-1
halfway;0
blow;-1
dauntless;-2
asininely;-2
interested;-1
rosy;-2
poised;-2
backbite;-2
disrupt;-2
subversively;-1
easily;-1
inordinate;-2
standstill;-2
exquisitely;-2
oddly;-2
sanity;-2
substandard;-1
well-received;-2
shunned;-2
enormities;-2
deduce;0
shortcoming;-2
coddle;-1
intact;-1
redeeming;-2
prolific;-1
renounce;-2
dauntingly;-2
fusty;-2
moon;-1
moot;-1
subjugation;-2
compulsion;-2
welcome;-2
illogic;-2
boisterous;-2
slaughter;-1
terrified;-2
prattle;-2
baffled;-2
subdued;-1
oh;0
zealous;-2
jeer;-2
stand;-1
scornful;-2
discrimination;-1
curses;-2
cursed;-2
lastly;0
calamities;-2
strictly;-2
racism;-1
strict;-2
racist;-2
deteriorating;-1
condone;-2
gibe;-2
mischief;-2
shamelessly;-2
regard;0
strenuous;-1
condemnable;-2
emancipate;-1
fabricate;-1
extermination;-2
merriness;-2
ineffectually;-1
self-interested;-2
sleazy;-2
ruffian;-2
stiflingly;-2
taste;0
frighten;-2
fallaciousness;-2
accusingly;-2
ingeniously;-2
incorrect;-1
abyss;-2
onerous;-2
idiot;-2
deserve;-2
compel;-2
loyal;-1
heathen;-2
starkly;-2
unneeded;-1
dismayed;-2
sufficient;-1
deviation;-1
brash;-2
jaded;-2
conspiracies;-1
fetid;-2
courtly;-2
undoubted;-2
dextrous;-2
villianously;-2
unscathed;-1
philosophize;0
treason;-2
lack;-2
antagonize;-2
defamations;-2
wanton;-2
remarkable;-2
homage;-2
assuage;-1
incisiveness;-2
extraneous;-1
revengeful;-2
indecently;-2
worse;-2
equivocal;-2
infringement;-2
facetious;-2
fat;-1
admonition;-2
worst;-2
awful;-2
gainsay;-2
wily;-2
ranting;-2
wilt;-2
undone;-1
liars;-2
dexterity;-1
battle;-1
aptly;-1
peacekeepers;-1
laughably;-2
advantageous;-2
deeply;0
whimper;-2
rascal;-2
eminent;-2
crush;-1
attitudes;0
idealism;-1
ruffle;-1
passiveness;-2
overstatement;-2
extoll;-2
decrepitude;-2
hopelessness;-2
tiringly;-2
epitome;-2
tragedy;-1
thrift;-1
graciousness;-2
misinterpret;-2
difficulty;-2
infringe;-2
gleeful;-2
thankfully;-2
clique;-1
impolitic;-2
fearfully;-2
fatuously;-2
snub;-2
unthinkably;-2
faint;-1
tyrannically;-2
irritate;-2
affluence;-1
minor;0
flaw;-1
mire;-2
dissonantly;-2
domination;-2
basically;0
amputate;-1
mellow;-2
glad;-2
domineer;-2
discordance;-2
imprecisely;-1
ineffectual;-1
embarrassing;-2
challenging;-1
abandonment;-1
conspire;-2
coerce;-2
dubiously;-2
allege;-1
insignificantly;-1
court;-2
desperation;-2
acrimony;-2
goad;-2
overbalance;-1
simplicity;-2
okay;-2
abdicate;-1
acerbate;-2
weaknesses;-2
preoccupy;-1
indomitably;-2
indomitable;-2
adventure;-1
numb;-1
capitalize;-1
replete;0
shortcomings;-2
obstinately;-2
rationalize;-2
meticulous;-1
groundless;-2
untenable;-2
retaliate;-1
admonishment;-2
cruelties;-2
outrages;-2
indebted;-1
closeness;-2
disabled;-1
outraged;-2
quarrels;-2
flaunt;-2
stride;-2
trouble;-1
jollify;-1
temptingly;-2
pray;0
prodigy;-2
harmless;-2
truculently;-2
ebulliently;-2
fallaciously;-2
might;-2
generously;-2
belittle;-2
adventurous;-1
impressive;-2
ingratiatingly;-2
pro-peace;-2
refresh;-1
inequality;-2
disorient;-2
inherent;0
difficult;-1
intolerable;-2
steeply;-1
needless;-1
beneficent;-2
inflict;-2
dubitable;-2
inflated;-1
reverent;-2
effusively;-2
foolproof;-1
clandestine;0
disquiet;-2
imploring;0
bellicose;-2
disbeliever;-2
paradise;-2
congenial;-2
boldness;-2
forgive;-2
monotony;-2
fiat;-1
stampede;-1
exaltedly;-2
prejudice;-2
threat;-1
divorce;-1
unhealthy;-1
feel;0
radical;-2
fancy;-2
sympathy;-2
revolution;-1
bland;-2
verifiable;-1
moan;-2
scathing;-2
leading;-1
doomsday;-2
terror-genic;-2
storm;-1
second-class;-2
headache;-1
record-setting;-1
gleefully;-2
uncommonly;-2
indecisively;-2
horrifically;-2
fidget;-2
versatility;-1
kind;-2
nagging;-2
outrageous;-2
insulted;-2
stale;-2
restful;-1
risky;-1
unrelenting;-2
motivation;-2
hilariousness;-2
outstanding;-2
suspicious;-2
shrewd;-2
decadent;-2
engulf;-1
cognizant;0
vileness;-2
gall;-2
hopelessly;-2
lackadaisical;-2
indiscernible;-1
instigator;-2
pillage;-2
inconvenience;-2
react;0
miserly;-2
enduring;-2
prestige;-2
achievement;-1
stately;-2
value;-1
traditional;-1
depressingly;-2
hindrance;-2
obediently;-2
liberate;-2
lying;-2
left-leaning;-2
niggle;-1
fond;-2
inflexible;-2
felon;-1
uniform;-1
virtue;-2
aggravate;-2
delinquent;-1
unrealistic;-2
grotesque;-2
penalty;-1
insinuating;-2
shamefulness;-2
repulsiveness;-2
babble;-2
avarice;-2
procrastination;-2
commiserate;-2
grievances;-2
commensurate;-1
naughty;-2
cringe;-2
relentless;-2
insensible;-1
loveliness;-2
signify;-1
martyrdom;-2
mischievously;-2
intelligence;-1
defense;-1
dumb;-2
unsure;-1
glistening;-2
blurt;-2
forlorn;-2
inefficacious;-2
misjudge;-2
jaundiced;-2
corruption;-2
betrayer;-2
succeed;-1
opposition;-2
competent;-1
lyrical;-2
ignominy;-2
hesitant;-2
commonsensible;-1
commonsensibly;-1
doggedly;-2
blissfully;-2
lustrous;-2
sloth;-2
distress;-2
sweet;-1
improper;-2
regretfully;-2
rave;-2
acrid;-2
distrusting;-2
bolster;-2
decline;-1
complication;-1
stupendous;-2
overlook;-2
dud;-1
apprehensively;-2
affectionate;-2
evildoer;-2
imprudence;-2
precision;-1
goodly;-1
demand;0
stolen;-1
boast;-2
indefinitely;-1
civility;-2
corrode;-1
mordant;-2
insistently;-2
credence;-2
obtrusive;-2
disappointing;-2
ecstasy;-2
obstacle;-2
headway;-1
rid;-2
alliances;0
anguish;-2
shirk;-2
skilled;-1
restraint;-1
painless;-1
moving;-2
battle-lines;-2
robust;-1
uneasily;-2
infiltrator;-1
try;-1
persuasive;-2
edgy;-2
cheer;-2
inspirational;-2
know;0
grievance;-2
abilities;-1
scrupulous;-2
altruistic;-2
competitive;-1
inactive;-1
vigilant;-1
regardless;0
profitable;-1
illusions;-2
exclusively;0
resourcefulness;-2
spoonfed;-2
problematic;-2
tormented;-2
complaint;-2
cataclysmal;-2
vindicate;-2
joyless;-2
discriminatory;-2
unlimited;-1
self-sufficiency;-1
moody;-2
skeptical;-2
pithy;-2
admittedly;-2
ignore;-1
moralize;-2
distrust;-2
unstable;-1
entice;-2
essential;-1
impassioned;-2
disinclined;-2
understood;-2
selfishness;-2
sprightly;-2
nauseating;-2
ill-mannered;-2
innovation;-1
apathetic;-2
jumpy;-1
gracelessly;-2
peevishly;-2
intense;0
togetherness;-2
cautious;-1
tortuous;-2
frightful;-2
lifeless;-1
hatred;-2
complimentary;-2
youthful;-1
credible;-2
mesmerizingly;-2
heedless;-2
stench;-2
lone;-2
fast;0
statuesque;-2
oddities;-2
conceivable;-2
mundane;-2
forlornly;-2
perplexing;-2
audacious;-2
reassurance;-2
usurp;-2
forbidding;-1
mystify;-1
patriot;-2
hideousness;-2
liberty;-2
gratifying;-2
highlight;-2
individuality;-1
freak;-2
worthwhile;-2
divisive;-2
warning;-1
rally;-2
unjustifiably;-2
tentative;-1
evils;-2
inequities;-2
peace;-1
seething;-2
defrauding;-2
unjustifiable;-2
mock;-2
nice;-2
pro-Beijing;-2
smitten;-2
backbone;-1
problems;-1
inflame;-2
rightful;-2
vice;-2
impatient;-2
vocally;-1
pervert;-2
resistance;-1
hellion;-2
discordant;-2
worrisome;-2
deviously;-2
uphold;-2
dissidents;-2
obstinate;-2
stable;-1
barbarically;-2
breach;-1
blandish;-2
dramatically;0
disquieting;-2
foretell;0
spook;-2
posture;0
incoherent;-2
martyrdom-seeking;-2
fast-paced;-1
gullible;-2
indescribable;-2
idealize;-2
outdo;-2
friendliness;-2
pleas;-2
abominably;-2
dissembler;-2
malice;-2
plead;0
abominable;-2
unavailable;-1
outsmart;-2
concessions;-1
bearish;-1
relent;-2
gaily;-2
uncollectible;-1
insouciance;-2
sexy;-2
polution;-1
miser;-2
survivor;-1
distressed;-2
trivialize;-2
definitively;-2
acridness;-2
chaste;-2
miscreant;-2
forbid;-2
confession;-2
improbably;-2
apt;-1
improbable;-2
doubtfully;-2
ape;-2
procrastinate;-2
scariest;-2
bitterly;-2
clever;-2
inclined;-2
fiend;-2
impress;-1
cooperate;-1
sore;-2
virulence;-2
posturing;-2
annoy;-2
fraternize;-2
disingenuous;-2
feebleminded;-2
recessionary;-1
purity;-1
indulgence;-2
jobless;-1
earnestness;-2
inaccessible;-1
villian;-2
rapt;-2
condescend;-2
devastate;-2
syndrome;-1
buoyant;-1
justifiable;-2
patronize;-2
unquestionably;-2
justifiably;-2
grudgingly;-2
panic;-2
sin;-2
rantingly;-2
tension;-1
puppets;-2
tact;-2
hazard;-1
impulsive;-2
discomfort;-1
productive;-1
unnaturally;-2
readiness;0
light;-1
arduous;-2
malevolence;-2
cheapen;-2
honestly;-2
disrespecting;-2
irregularity;-1
violator;-2
meager;-2
beguile;-2
tyrant;-2
lifeblood;-2
indignantly;-2
unsustainable;-1
dismaying;-2
superior;-1
complicate;-1
goading;-2
glee;-2
lech;-2
glisten;-2
inconsistencies;-2
distraction;-2
contention;-2
richness;-2
flout;-2
negligent;-2
impaired;-2
diabolic;-2
crass;-2
bewilderment;-2
profound;-2
enviable;-2
devilment;-2
unpredictable;-1
admonisher;-2
enviably;-2
dogmatic;-2
champ;-1
erratic;-2
tepid;-1
upliftingly;-2
lesser-known;-1
sentiment;-2
vehement;-2
ejaculate;-2
chaos;-2
fascist;-2
thrifty;-1
honorable;-2
brilliantly;-2
despairing;-2
promptly;-1
heartbreaker;-2
halfheartedly;-2
implode;-2
anyhow;0
spookily;-2
feasible;-1
illicit;-1
feasibly;-1
barbarity;-2
biting;-2
astutely;-2
insane;-2
obscurity;-2
plainly;-2
bleakness;-2
felicitous;-2
listless;-2
gratuitously;-2
enormity;-2
salutary;-2
droop;-1
boil;-2
misunderstood;-2
agility;-1
shallow;-1
reflecting;0
diminish;-1
astounded;-2
leniently;-1
objectionable;-2
isolation;-1
anti-proliferation;-2
riches;-1
infectious;0
discriminating;-1
fastidiously;-2
indistinct;-1
misbegotten;-2
laughingstock;-2
woebegone;-2
sincerity;-1
outstrip;-2
unbearable;-2
afraid;-2
hegemonism;-1
sagacity;-2
boastful;-2
dissuasive;-2
savagely;-2
clash;-1
screamingly;0
harmful;-2
alarmed;-2
courageousness;-2
discourage;-2
refreshing;-2
admonish;-2
appallingly;-2
unsettling;-2
nebulously;-2
contradictory;-2
inane;-2
please;-2
banalize;-2
wince;-2
upright;-1
utter;-2
fear;-2
feat;-1
pleased;-2
craziness;-2
sinisterly;-2
indignant;-2
daydreamer;-2
prosecute;-2
topple;-1
dope;-1
massacre;-2
malaise;-1
hothead;-2
spur;-2
ghetto;-1
heretic;-2
deceiver;-2
affluent;-1
disingenuously;-2
thrive;-1
view;0
inventive;-1
humiliation;-2
expel;-1
fantastically;-2
first-class;-1
unfairly;-2
confrontational;-1
luminous;-1
righteously;-2
pragmatic;-2
invulnerable;-2
monstrous;-2
junky;-1
superb;-2
genius;-2
scathingly;-2
viper;-1
crude;-1
frustrated;-2
masterful;-2
ability;-1
horrifyingly;-2
joy;-2
embarrassment;-2
spoil;-2
proficiently;-2
swift;-1
declining;-1
gloat;0
profanity;-2
valiantly;-2
grail;-1
illiquid;-1
unconvincing;-2
unclear;-1
narrower;-2
subscribe;-1
respect;-1
unclean;-2
propitiously;-2
decent;-1
impetuously;-2
bewildering;-2
uproarous;-2
divinely;-2
butchery;-2
meritorious;-2
injustices;-2
scrutiny;0
overture;-2
hmm;0
dearth;-2
unmoved;-1
overturn;-1
abandoned;-1
sanctify;-2
fearful;-2
irate;-2
will;-2
stunning;-2
wild;-1
barely;-1
apprehend;0
thus;0
disapprove;-2
encouragement;-2
unfaithfully;-2
perhaps;0
vintage;-1
maddening;-2
cross;-2
adverse;-1
unity;-1
exuberance;-2
merciful;-2
privileged;-2
grandeur;-2
last-ditch;-2
prickles;-2
expediencies;-1
disagree;-2
outcast;-2
amicability;-2
beast;-2
acerbically;-2
catastrophically;-2
scruples;-2
excessive;-2
heavily;-2
untested;-1
happiness;-2
temerity;-2
rapid;0
console;-1
avidly;-2
morbidly;-2
arresting;-2
simple;-1
attractive;-2
earnestly;-2
uncompromisingly;-2
unprecedented;-2
virulently;-2
captivating;-2
myth;-2
frighteningly;-2
suspiciously;-2
idyllic;-2
miraculousness;-2
presume;-2
press;-1
racists;-2
helpful;-1
loser;-1
incendiary;-2
overtures;0
tauntingly;-2
exhaustively;-1
exceed;-2
shabby;-2
scared;-2
flagrant;-2
illegally;-1
blunders;-2
leak;-1
breakthroughs;-1
farsighted;-1
lean;-1
thank;-2
impolitely;-2
headaches;-1
mania;-2
obey;-2
slur;-2
astounding;-2
asinine;-2
slug;-1
rare;0
stereotypically;-2
surge;-2
swear;-2
fatally;-1
polished;-1
argumentative;-2
promise;-2
lawful;-1
negate;-1
unproductive;-1
gape;-2
agonizing;-2
egalitarian;-1
intention;0
resound;-1
alienated;-1
nourish;-1
brashness;-2
assail;-1
instructive;-1
embolden;-1
inconsequent;-2
distract;-1
stirring;-2
bewail;-2
eagerness;-2
horrific;-2
intimidating;-2
humbling;-2
inadequate;-1
meaningless;-2
gnawing;-1
troublesomely;-2
goodness;-2
incredible;-2
demonize;-2
immobilized;-1
boom;-1
sick;-1
cutthroat;-2
incredibly;-2
junk;-1
nourishment;-1
frustrate;-2
extort;-1
sass;-2
pugnaciously;-2
furthermore;0
